Vorname,Nachname,PLZ,Ort
Anna,Müller,29599,Weste
Anna,Schmidt,89358,Kammeltal
Anna,Schneider,19417,Bibow
Anna,Fischer,67693,Fischbach
Anna,Weber,69242,Mühlhausen
Anna,Meyer,25721,Eggstedt
Anna,Wagner,76774,Leimersheim
Anna,Becker,18465,Drechow
Anna,Hofmann,58636,Iserlohn
Anna,Koch,40670,Meerbusch
Anna,Bauer,99713,Helbedündorf
Anna,Richter,88273,Fronreute
Anna,Klein,33449,Langenberg
Anna,Wolf,38889,Blankenburg
Anna,Neumann,4720,Großweitzschen
Anna,Schwarz,56283,Beulich
Anna,Zimmermann,24113,Molfsee
Anna,Braun,35116,Hatzfeld (Eder)
Anna,Krüger,40883,Ratingen
Anna,Hoffmann,23879,Mölln
Anna,Schäfer,25779,Hennstedt
Anna,Scholz,48143,Münster
Anna,Franke,91315,Höchstadt a.d.Aisch
Anna,Lange,75337,Enzklösterle
Anna,Scholz,24647,Ehndorf
Anna,Krämer,56414,Salz
Anna,Seidel,54578,Oberehe-Stroheich
Anna,Böhm,94157,Perlesreut
Anna,Otto,55767,Wilzenberg-Hußweiler
Anna,Schubert,63773,Goldbach
Anna,Graf,63697,Hirzenhain
Anna,Albrecht,31275,Lehrte
Anna,Heinrich,91413,Neustadt an der Aisch
Anna,Simon,98530,Marisfeld
Anna,Jäger,44867,Bochum
Anna,Lorenz,36419,Geisa
Anna,Schuster,8118,Hartenstein
Anna,Hartmann,84543,Winhöring
Anna,Berger,4827,Machern
Anna,Dietrich,55758,Weiden
Anna,Arnold,95189,Köditz
Anna,Voigt,7819,Rosendorf
Anna,Kühn,97780,Gössenheim
Anna,Peters,24242,Felde
Anna,Wendt,56346,Sankt Goarshausen
Anna,Linke,24980,Hörup
Anna,Fuchs,6110,Halle (Saale)
Anna,Möller,38855,Wernigerode
Anna,Paul,54340,Leiwen
Anna,Horn,69226,Nußloch
Ben,Müller,66879,Reichenbach-Steegen
Ben,Schmidt,55481,Kirchberg
Ben,Schneider,67482,Freimersheim (Pfalz)
Ben,Fischer,1591,Riesa
Ben,Weber,86987,Schwabsoien
Ben,Meyer,3130,Jämlitz-Klein Düben
Ben,Wagner,91352,Hallerndorf
Ben,Becker,97286,Winterhausen
Ben,Hofmann,56864,Bad Bertrich
Ben,Koch,97279,Prosselsheim
Ben,Bauer,51570,Windeck
Ben,Richter,99752,Bleicherode
Ben,Klein,27729,Vollersode
Ben,Wolf,71088,Holzgerlingen
Ben,Neumann,49078,Osnabrück
Ben,Schwarz,22147,Hamburg
Ben,Zimmermann,56587,Oberhonnefeld-Gierend
Ben,Braun,1945,Hermsdorf
Ben,Krüger,98631,Grabfeld
Ben,Hoffmann,45139,Essen
Ben,Schäfer,33619,Bielefeld
Ben,Scholz,55546,Frei-Laubersheim
Ben,Franke,21521,Wohltorf
Ben,Lange,57250,Netphen
Ben,Scholz,84169,Altfraunhofen
Ben,Krämer,25879,Stapel
Ben,Seidel,85395,Wolfersdorf
Ben,Böhm,17168,Lelkendorf
Ben,Otto,84381,Johanniskirchen
Ben,Schubert,54612,Lasel
Ben,Graf,96187,Stadelhofen
Ben,Albrecht,56858,Neef
Ben,Heinrich,24250,Löptin
Ben,Simon,25585,Tackesdorf
Ben,Jäger,67281,Kirchheim an der Weinstraße
Ben,Lorenz,23619,Rehhorst
Ben,Schuster,55765,Dienstweiler
Ben,Hartmann,57635,Werkhausen
Ben,Berger,82449,Uffing am Staffelsee
Ben,Dietrich,27624,Geestland
Ben,Arnold,3054,Cottbus - Chóśebuz
Ben,Voigt,6386,Südliches Anhalt
Ben,Kühn,25899,Niebüll
Ben,Peters,26556,Eversmeer
Ben,Wendt,47169,Duisburg
Ben,Linke,72202,Nagold
Ben,Fuchs,18209,Hohenfelde
Ben,Möller,31693,Hespe
Ben,Paul,46539,Dinslaken
Ben,Horn,57647,Alpenrod
Clara,Müller,74597,Crailsheim
Clara,Schmidt,4416,Markkleeberg
Clara,Schneider,38836,Osterwieck
Clara,Fischer,78667,Villingendorf
Clara,Weber,97640,Stockheim
Clara,Meyer,88677,Markdorf
Clara,Wagner,42719,Solingen
Clara,Becker,9477,Jöhstadt
Clara,Hofmann,86577,Sielenbach
Clara,Koch,76461,Muggensturm
Clara,Bauer,23816,Groß Niendorf
Clara,Richter,54298,Eisenach
Clara,Klein,17209,Kieve
Clara,Wolf,68804,Altlußheim
Clara,Neumann,56479,Oberroßbach
Clara,Schwarz,55619,Hennweiler
Clara,Zimmermann,38350,Helmstedt
Clara,Braun,97342,Obernbreit
Clara,Krüger,46509,Xanten
Clara,Hoffmann,56355,Kehlbach
Clara,Schäfer,31558,Hagenburg
Clara,Scholz,18320,Trinwillershagen
Clara,Franke,93453,Neukirchen beim Heiligen Blut
Clara,Lange,99817,Eisenach
Clara,Scholz,89446,Ziertheim
Clara,Krämer,24619,Bornhöved
Clara,Seidel,71277,Rutesheim
Clara,Böhm,92268,Etzelwang
Clara,Otto,31608,Marklohe
Clara,Schubert,8496,Neumark
Clara,Graf,56746,Kempenich
Clara,Albrecht,61184,Karben
Clara,Heinrich,55765,Rimsberg
Clara,Simon,93109,Wiesent
Clara,Jäger,23909,Römnitz
Clara,Lorenz,78609,Tuningen
Clara,Schuster,57520,Emmerzhausen
Clara,Hartmann,76530,Baden-Baden
Clara,Berger,76889,Dierbach
Clara,Dietrich,66121,Saarbrücken
Clara,Arnold,17111,Hohenbollentin
Clara,Voigt,55758,Veitsrodt
Clara,Kühn,17398,Rossin
Clara,Peters,24896,Treia
Clara,Wendt,55278,Friesenheim
Clara,Linke,14513,Teltow
Clara,Fuchs,25779,Fedderingen
Clara,Möller,63741,Aschaffenburg
Clara,Paul,24855,Jübek
Clara,Horn,19065,Raben Steinfeld
David,Müller,75181,Pforzheim
David,Schmidt,85570,Markt Schwaben
David,Schneider,35684,Dillenburg
David,Fischer,66957,Obersimten
David,Weber,55257,Budenheim
David,Meyer,94107,Untergriesbach
David,Wagner,93486,Runding
David,Becker,49565,Bramsche
David,Hofmann,17391,Iven
David,Koch,55481,Kirchberg
David,Bauer,18437,Stralsund
David,Richter,6618,Molauer Land
David,Klein,1768,Glashütte
David,Wolf,33178,Borchen
David,Neumann,17091,Pripsleben
David,Schwarz,23923,Menzendorf
David,Zimmermann,25524,Breitenburg
David,Braun,54453,Nittel
David,Krüger,56357,Rettershain
David,Hoffmann,66903,Ohmbach
David,Schäfer,18106,Rostock
David,Scholz,83373,Taching am See
David,Franke,3185,Tauer
David,Lange,97348,Rödelsee
David,Scholz,23911,Kulpin
David,Krämer,21481,Lauenburg/Elbe
David,Seidel,79865,Grafenhausen
David,Böhm,17168,Warnkenhagen
David,Otto,45279,Essen
David,Schubert,88422,Moosburg
David,Graf,14778,Päwesin
David,Albrecht,45147,Essen
David,Heinrich,7646,Bobeck
David,Simon,59174,Kamen
David,Jäger,21368,Boitze
David,Lorenz,47624,Kevelaer
David,Schuster,49214,Bad Rothenfelde
David,Hartmann,48282,Emsdetten
David,Berger,18195,Selpin
David,Dietrich,39638,Gardelegen
David,Arnold,6528,Blankenheim
David,Voigt,57629,Müschenbach
David,Kühn,23968,Wismar
David,Peters,10789,Berlin
David,Wendt,99441,Magdala
David,Linke,76889,Schweigen-Rechtenbach
David,Fuchs,73733,Esslingen am Neckar
David,Möller,67585,Dorn-Dürkheim
David,Paul,69251,Gaiberg
David,Horn,25572,Ecklak
Emma,Müller,97647,Hausen
Emma,Schmidt,76833,Walsheim
Emma,Schneider,19243,Wittenburg
Emma,Fischer,27251,Scholen
Emma,Weber,17375,Liepgarten
Emma,Meyer,24161,Altenholz
Emma,Wagner,33647,Bielefeld
Emma,Becker,4357,Leipzig
Emma,Hofmann,91462,Dachsbach
Emma,Koch,27572,Bremerhaven
Emma,Bauer,90574,Roßtal
Emma,Richter,24211,Postfeld
Emma,Klein,54314,Hentern
Emma,Wolf,67259,Großniedesheim
Emma,Neumann,14169,Berlin
Emma,Schwarz,67808,Schweisweiler
Emma,Zimmermann,19230,Alt Zachun
Emma,Braun,12307,Berlin
Emma,Krüger,61440,Oberursel
Emma,Hoffmann,93449,Waldmünchen
Emma,Schäfer,63871,Heinrichsthal
Emma,Scholz,25845,Nordstrand
Emma,Franke,3096,Burg (Spreewald)
Emma,Lange,67283,Obrigheim (Pfalz)
Emma,Scholz,54636,Hütterscheid
Emma,Krämer,28207,Bremen
Emma,Seidel,72178,Waldachtal
Emma,Böhm,76596,Forbach
Emma,Otto,14656,Brieselang
Emma,Schubert,76879,Knittelsheim
Emma,Graf,69254,Malsch
Emma,Albrecht,66851,Gerhardsbrunn
Emma,Heinrich,56767,Gunderath
Emma,Simon,18236,Kröpelin
Emma,Jäger,97618,Heustreu
Emma,Lorenz,72664,Kohlberg
Emma,Schuster,27729,Holste
Emma,Hartmann,24105,Kiel
Emma,Berger,17398,Bargischow
Emma,Dietrich,97255,Sonderhofen
Emma,Arnold,98660,Ehrenberg
Emma,Voigt,27412,Vorwerk
Emma,Kühn,42659,Solingen
Emma,Peters,18347,Wustrow
Emma,Wendt,86678,Ehingen
Emma,Linke,55278,Hahnheim
Emma,Fuchs,4936,Lebusa
Emma,Möller,91161,Hilpoltstein
Emma,Paul,13129,Berlin
Emma,Horn,73574,Iggingen
Finn,Müller,73441,Bopfingen
Finn,Schmidt,37345,Sonnenstein
Finn,Schneider,69121,Heidelberg
Finn,Fischer,7429,Döschnitz
Finn,Weber,86972,Altenstadt
Finn,Meyer,19399,Dobbertin
Finn,Wagner,40470,Düsseldorf
Finn,Becker,74254,Offenau
Finn,Hofmann,49751,Spahnharrenstätte
Finn,Koch,35398,Gießen
Finn,Bauer,86199,Augsburg
Finn,Richter,6458,Selke-Aue
Finn,Klein,3246,Massen-Niederlausitz
Finn,Wolf,25761,Hedwigenkoog
Finn,Neumann,4539,Groitzsch
Finn,Schwarz,42109,Wuppertal
Finn,Zimmermann,24794,Neu Duvenstedt
Finn,Braun,21720,Steinkirchen
Finn,Krüger,61440,Oberursel
Finn,Hoffmann,73107,Heiningen
Finn,Schäfer,54340,Pölich
Finn,Scholz,54597,Masthorn
Finn,Franke,40627,Düsseldorf
Finn,Lange,52076,Aachen
Finn,Scholz,83486,Ramsau bei Berchtesgaden
Finn,Krämer,65187,Wiesbaden
Finn,Seidel,65558,Eppenrod
Finn,Böhm,24109,Kiel
Finn,Otto,94556,Neuschönau
Finn,Schubert,27374,Visselhövede
Finn,Graf,15913,Straupitz (Spreewald)
Finn,Albrecht,24145,Kiel
Finn,Heinrich,34393,Grebenstein
Finn,Simon,7589,Saara
Finn,Jäger,24794,Borgstedt
Finn,Lorenz,75394,Oberreichenbach
Finn,Schuster,73550,Waldstetten
Finn,Hartmann,50858,Köln
Finn,Berger,36448,Bad Liebenstein
Finn,Dietrich,29481,Karwitz
Finn,Arnold,99826,Berka vor dem Hainich
Finn,Voigt,23923,Menzendorf
Finn,Kühn,10713,Berlin
Finn,Peters,27248,Ehrenburg
Finn,Wendt,73568,Spraitbach
Finn,Linke,73433,Aalen
Finn,Fuchs,89312,Günzburg
Finn,Möller,82544,Egling
Finn,Paul,56357,Holzhausen an der Haide
Finn,Horn,80801,München
Greta,Müller,88214,Ravensburg
Greta,Schmidt,25721,Eggstedt
Greta,Schneider,69429,Eberbach
Greta,Fischer,18516,Süderholz
Greta,Weber,25924,Friedrich-Wilhelm-Lübke-Koog
Greta,Meyer,66996,Hirschthal
Greta,Wagner,78669,Wellendingen
Greta,Becker,86678,Ehingen
Greta,Hofmann,59320,Ennigerloh
Greta,Koch,71384,Weinstadt
Greta,Bauer,54570,Kirchweiler
Greta,Richter,89435,Finningen
Greta,Klein,82538,Geretsried
Greta,Wolf,94143,Grainet
Greta,Neumann,34369,Hofgeismar
Greta,Schwarz,73479,Ellwangen (Jagst)
Greta,Zimmermann,97783,Karsbach
Greta,Braun,21394,Kirchgellersen
Greta,Krüger,54636,Sülm
Greta,Hoffmann,55758,Wickenrodt
Greta,Schäfer,56379,Obernhof
Greta,Scholz,33165,Lichtenau
Greta,Franke,23898,Sirksfelde
Greta,Lange,19395,Barkhagen
Greta,Scholz,17449,Peenemünde
Greta,Krämer,37359,Großbartloff
Greta,Seidel,87760,Lachen
Greta,Böhm,16230,Breydin
Greta,Otto,7338,Drognitz
Greta,Schubert,45138,Essen
Greta,Graf,46485,Wesel
Greta,Albrecht,99752,Kehmstedt
Greta,Heinrich,52349,Düren
Greta,Simon,67294,Morschheim
Greta,Jäger,25560,Puls
Greta,Lorenz,22851,Norderstedt
Greta,Schuster,47506,Neukirchen-Vluyn
Greta,Hartmann,78564,Wehingen
Greta,Berger,24358,Ascheffel
Greta,Dietrich,27446,Selsingen
Greta,Arnold,4880,Dommitzsch
Greta,Voigt,17454,Zinnowitz
Greta,Kühn,79730,Murg
Greta,Peters,9128,Chemnitz
Greta,Wendt,53520,Kaltenborn
Greta,Linke,39175,Möser
Greta,Fuchs,32657,Lemgo
Greta,Möller,49770,Herzlake
Greta,Paul,85276,Pfaffenhofen an der Ilm
Greta,Horn,38556,Bokensdorf
Henry,Müller,87493,Lauben
Henry,Schmidt,4936,Schlieben
Henry,Schneider,66501,Kleinbundenbach
Henry,Fischer,17179,Walkendorf
Henry,Weber,25709,Kaiser-Wilhelm-Koog
Henry,Meyer,50169,Kerpen
Henry,Wagner,26434,Wangerland
Henry,Becker,17209,Sietow
Henry,Hofmann,56237,Alsbach
Henry,Koch,25557,Steenfeld
Henry,Bauer,39288,Burg
Henry,Richter,80935,München
Henry,Klein,72644,Oberboihingen
Henry,Wolf,24816,Brinjahe
Henry,Neumann,52080,Aachen
Henry,Schwarz,39517,Angern
Henry,Zimmermann,54634,Metterich
Henry,Braun,4349,Leipzig
Henry,Krüger,26556,Utarp
Henry,Hoffmann,66919,Schauerberg
Henry,Schäfer,73326,Deggingen
Henry,Scholz,23847,Sierksrade
Henry,Franke,12347,Berlin
Henry,Lange,93199,Zell
Henry,Scholz,93455,Traitsching
Henry,Krämer,71409,Schwaikheim
Henry,Seidel,37318,Arenshausen
Henry,Böhm,63872,Heimbuchenthal
Henry,Otto,56281,Karbach
Henry,Schubert,25779,Norderheistedt
Henry,Graf,66909,Hüffler
Henry,Albrecht,8451,Crimmitschau
Henry,Heinrich,72770,Reutlingen
Henry,Simon,67827,Becherbach
Henry,Jäger,25885,Oster-Ohrstedt
Henry,Lorenz,47199,Duisburg
Henry,Schuster,21220,Seevetal
Henry,Hartmann,76227,Karlsruhe
Henry,Berger,53562,Sankt Katharinen
Henry,Dietrich,73579,Schechingen
Henry,Arnold,26736,Krummhörn
Henry,Voigt,56244,Goddert
Henry,Kühn,24241,Schmalstede
Henry,Peters,47226,Duisburg
Henry,Wendt,7338,Hohenwarte
Henry,Linke,37639,Bevern
Henry,Fuchs,23923,Siemz-Niendorf
Henry,Möller,6268,Steigra
Henry,Paul,18182,Blankenhagen
Henry,Horn,40470,Düsseldorf
Isabel,Müller,85540,München
Isabel,Schmidt,56729,Nachtsheim
Isabel,Schneider,24119,Kronshagen
Isabel,Fischer,46519,Alpen
Isabel,Weber,92521,Schwarzenfeld
Isabel,Meyer,24943,Flensburg
Isabel,Wagner,14542,Werder (Havel)
Isabel,Becker,33604,Bielefeld
Isabel,Hofmann,54298,Orenhofen
Isabel,Koch,54552,Neichen
Isabel,Bauer,37339,Tastungen
Isabel,Richter,48629,Metelen
Isabel,Klein,25858,Högel
Isabel,Wolf,28844,Weyhe
Isabel,Neumann,7338,Drognitz
Isabel,Schwarz,7554,Schwaara
Isabel,Zimmermann,69259,Wilhelmsfeld
Isabel,Braun,19309,Lenzen (Elbe)
Isabel,Krüger,87642,Halblech
Isabel,Hoffmann,24235,Stein
Isabel,Schäfer,16230,Melchow
Isabel,Scholz,56288,Laubach
Isabel,Franke,91413,Neustadt an der Aisch
Isabel,Lange,98530,Dillstädt
Isabel,Scholz,21493,Elmenhorst
Isabel,Krämer,84072,Au in der Hallertau
Isabel,Seidel,8527,Rosenbach/Vogtland
Isabel,Böhm,67806,Imsweiler
Isabel,Otto,99988,Südeichsfeld
Isabel,Schubert,9306,Wechselburg
Isabel,Graf,36151,Burghaun
Isabel,Albrecht,9328,Lunzenau
Isabel,Heinrich,56479,Homberg
Isabel,Simon,55583,Bad Kreuznach
Isabel,Jäger,79108,Freiburg im Breisgau
Isabel,Lorenz,15370,Petershagen/Eggersdorf
Isabel,Schuster,16556,Hohen Neuendorf
Isabel,Hartmann,32469,Petershagen
Isabel,Berger,55608,Becherbach bei Kirn
Isabel,Dietrich,55595,Winterburg
Isabel,Arnold,4668,Grimma
Isabel,Voigt,94154,Neukirchen vorm Wald
Isabel,Kühn,8541,Theuma
Isabel,Peters,55234,Eppelsheim
Isabel,Wendt,76694,Forst
Isabel,Linke,56479,Liebenscheid
Isabel,Fuchs,25764,Oesterwurth
Isabel,Möller,69231,Rauenberg
Isabel,Paul,94375,Stallwang
Isabel,Horn,25923,Humptrup
Jonas,Müller,95192,Lichtenberg
Jonas,Schmidt,56288,Bell (Hunsrück)
Jonas,Schneider,99198,Großmölsen
Jonas,Fischer,89160,Dornstadt
Jonas,Weber,99958,Tonna
Jonas,Meyer,7616,Petersberg
Jonas,Wagner,23827,Krems II
Jonas,Becker,27404,Heeslingen
Jonas,Hofmann,17209,Stuer
Jonas,Koch,40789,Monheim am Rhein
Jonas,Bauer,97950,Großrinderfeld
Jonas,Richter,25917,Stadum
Jonas,Klein,91614,Mönchsroth
Jonas,Wolf,91617,Oberdachstetten
Jonas,Neumann,82380,Peißenberg
Jonas,Schwarz,40721,Hilden
Jonas,Zimmermann,79249,Merzhausen
Jonas,Braun,66482,Zweibrücken
Jonas,Krüger,7554,Bethenhausen
Jonas,Hoffmann,37539,Bad Grund
Jonas,Schäfer,99438,Hetschburg
Jonas,Scholz,95466,Kirchenpingarten
Jonas,Franke,83377,Vachendorf
Jonas,Lange,85757,Karlsfeld
Jonas,Scholz,83483,Bischofswiesen
Jonas,Krämer,8062,Zwickau
Jonas,Seidel,56379,Winden
Jonas,Böhm,83543,Rott am Inn
Jonas,Otto,25923,Süderlügum
Jonas,Schubert,55452,Dorsheim
Jonas,Graf,47638,Straelen
Jonas,Albrecht,55286,Sulzheim
Jonas,Heinrich,88370,Ebenweiler
Jonas,Simon,41469,Neuss
Jonas,Jäger,86956,Schongau
Jonas,Lorenz,74931,Lobbach
Jonas,Schuster,24376,Rabel
Jonas,Hartmann,7768,Eichenberg
Jonas,Berger,39624,Kalbe (Milde)
Jonas,Dietrich,54585,Esch
Jonas,Arnold,75389,Neuweiler
Jonas,Voigt,29364,Langlingen
Jonas,Kühn,63741,Aschaffenburg
Jonas,Peters,7589,Lindenkreuz
Jonas,Wendt,24809,Nübbel
Jonas,Linke,85413,Hörgertshausen
Jonas,Fuchs,87743,Egg an der Günz
Jonas,Möller,7919,Kirschkau
Jonas,Paul,39448,Börde-Hakel
Jonas,Horn,4895,Uebigau-Wahrenbrück
Karla,Müller,56459,Berzhahn
Karla,Schmidt,60486,Frankfurt am Main
Karla,Schneider,69437,Neckargerach
Karla,Fischer,73650,Winterbach
Karla,Weber,73249,Wernau (Neckar)
Karla,Meyer,67098,Freinsheim
Karla,Wagner,66450,Bexbach
Karla,Becker,2742,Neusalza-Spremberg
Karla,Hofmann,38373,Süpplingen
Karla,Koch,78359,Orsingen-Nenzingen
Karla,Bauer,18510,Wittenhagen
Karla,Richter,99439,Neumark
Karla,Klein,79733,Görwihl
Karla,Wolf,24582,Groß Buchwald
Karla,Neumann,35321,Laubach
Karla,Schwarz,51145,Köln
Karla,Zimmermann,4157,Leipzig
Karla,Braun,67746,Unterjeckenbach
Karla,Krüger,24238,Lammershagen
Karla,Hoffmann,99189,Elxleben
Karla,Schäfer,55758,Mörschied
Karla,Scholz,46119,Oberhausen
Karla,Franke,84329,Wurmannsquick
Karla,Lange,38444,Wolfsburg
Karla,Scholz,67822,Finkenbach-Gersweiler
Karla,Krämer,54552,Üdersdorf
Karla,Seidel,6712,Kretzschau
Karla,Böhm,19386,Kreien
Karla,Otto,85599,Vaterstetten
Karla,Schubert,9376,Oelsnitz/Erzgeb.
Karla,Graf,98701,Großbreitenbach
Karla,Albrecht,55487,Sohren
Karla,Heinrich,22179,Hamburg
Karla,Simon,95666,Leonberg
Karla,Jäger,73249,Wernau (Neckar)
Karla,Lorenz,54518,Heckenmünster
Karla,Schuster,27389,Lauenbrück
Karla,Hartmann,7774,Wichmar
Karla,Berger,8396,Oberwiera
Karla,Dietrich,51515,Kürten
Karla,Arnold,1814,Reinhardtsdorf-Schöna
Karla,Voigt,79369,Wyhl
Karla,Kühn,24256,Fargau-Pratjau
Karla,Peters,42103,Wuppertal
Karla,Wendt,57462,Olpe
Karla,Linke,37308,Krombach
Karla,Fuchs,90617,Puschendorf
Karla,Möller,86977,Burggen
Karla,Paul,24601,Ruhwinkel
Karla,Horn,54570,Oberstadtfeld
Leon,Müller,60598,Frankfurt am Main
Leon,Schmidt,31707,Bad Eilsen
Leon,Schneider,73485,Unterschneidheim
Leon,Fischer,85132,Schernfeld
Leon,Weber,63322,Rödermark
Leon,Meyer,23847,Lasbek
Leon,Wagner,17194,Hohen Wangelin
Leon,Becker,24816,Luhnstedt
Leon,Hofmann,17498,Dargelin
Leon,Koch,49779,Niederlangen
Leon,Bauer,63457,Hanau
Leon,Richter,15898,Neißemünde
Leon,Klein,65599,Dornburg
Leon,Wolf,40223,Düsseldorf
Leon,Neumann,67744,Seelen
Leon,Schwarz,56843,Lötzbeuren
Leon,Zimmermann,4357,Leipzig
Leon,Braun,18442,Steinhagen
Leon,Krüger,12435,Berlin
Leon,Hoffmann,8134,Wildenfels
Leon,Schäfer,21073,Hamburg
Leon,Scholz,24399,Arnis
Leon,Franke,6231,Bad Dürrenberg
Leon,Lange,4668,Parthenstein
Leon,Scholz,55758,Bärenbach
Leon,Krämer,83546,Gars am Inn
Leon,Seidel,84416,Inning am Holz
Leon,Böhm,64283,Darmstadt
Leon,Otto,47800,Krefeld
Leon,Schubert,71157,Hildrizhausen
Leon,Graf,55592,Breitenheim
Leon,Albrecht,25782,Westerborstel
Leon,Heinrich,6846,Dessau-Roßlau
Leon,Simon,12524,Berlin
Leon,Jäger,86720,Nördlingen
Leon,Lorenz,95213,Münchberg
Leon,Schuster,31691,Helpsen
Leon,Hartmann,19374,Obere Warnow
Leon,Berger,29690,Schwarmstedt
Leon,Dietrich,3205,Calau
Leon,Arnold,54673,Scheuern
Leon,Voigt,67749,Nerzweiler
Leon,Kühn,44388,Dortmund
Leon,Peters,15306,Seelow
Leon,Wendt,17179,Finkenthal
Leon,Linke,6268,Barnstädt
Leon,Fuchs,67808,Weitersweiler
Leon,Möller,3185,Teichland
Leon,Paul,17495,Wrangelsburg
Leon,Horn,55278,Selzen
Marie,Müller,54518,Kesten
Marie,Schmidt,66869,Ruthweiler
Marie,Schneider,7629,St. Gangloff
Marie,Fischer,6249,Mücheln (Geiseltal)
Marie,Weber,55595,Spabrücken
Marie,Meyer,82362,Weilheim in Oberbayern
Marie,Wagner,56761,Urmersbach
Marie,Becker,56472,Lautzenbrücken
Marie,Hofmann,4158,Leipzig
Marie,Koch,16949,Putlitz
Marie,Bauer,54574,Birresborn
Marie,Richter,47829,Krefeld
Marie,Klein,78244,Gottmadingen
Marie,Wolf,54597,Matzerath
Marie,Neumann,54673,Leimbach
Marie,Schwarz,86980,Ingenried
Marie,Zimmermann,75392,Deckenpfronn
Marie,Braun,57612,Kroppach
Marie,Krüger,25551,Lohbarbek
Marie,Hoffmann,65558,Heistenbach
Marie,Schäfer,76889,Gleiszellen-Gleishorbach
Marie,Scholz,41379,Brüggen
Marie,Franke,32683,Barntrup
Marie,Lange,59320,Ennigerloh
Marie,Scholz,18195,Cammin
Marie,Krämer,91790,Nennslingen
Marie,Seidel,83022,Rosenheim
Marie,Böhm,37215,Witzenhausen
Marie,Otto,64859,Eppertshausen
Marie,Schubert,61440,Oberursel
Marie,Graf,24960,Munkbrarup
Marie,Albrecht,67744,Cronenberg
Marie,Heinrich,53945,Blankenheim
Marie,Simon,21376,Eyendorf
Marie,Jäger,22359,Hamburg
Marie,Lorenz,55595,Argenschwang
Marie,Schuster,86836,Obermeitingen
Marie,Hartmann,25938,Wrixum
Marie,Berger,12101,Berlin
Marie,Dietrich,88171,Weiler-Simmerberg
Marie,Arnold,79694,Utzenfeld
Marie,Voigt,66851,Oberarnbach
Marie,Kühn,51143,Köln
Marie,Peters,53518,Honerath
Marie,Wendt,95111,Rehau
Marie,Linke,29386,Obernholz
Marie,Fuchs,21516,Tramm
Marie,Möller,67308,Bubenheim
Marie,Paul,79822,Titisee-Neustadt
Marie,Horn,75057,Kürnbach
Noah,Müller,83451,Piding
Noah,Schmidt,26427,Werdum
Noah,Schneider,94563,Otzing
Noah,Fischer,65934,Frankfurt am Main
Noah,Weber,67729,Sippersfeld
Noah,Meyer,82024,Taufkirchen
Noah,Wagner,17094,Pragsdorf
Noah,Becker,73728,Esslingen am Neckar
Noah,Hofmann,86679,Ellgau
Noah,Koch,99955,Mittelsömmern
Noah,Bauer,31552,Rodenberg
Noah,Richter,27449,Kutenholz
Noah,Klein,15913,Schwielochsee
Noah,Wolf,19089,Tramm
Noah,Neumann,63875,Mespelbrunn
Noah,Schwarz,56357,Marienfels
Noah,Zimmermann,99334,Amt Wachsenburg
Noah,Braun,66871,Selchenbach
Noah,Krüger,32278,Kirchlengern
Noah,Hoffmann,49549,Ladbergen
Noah,Schäfer,15738,Zeuthen
Noah,Scholz,93354,Biburg
Noah,Franke,52538,Selfkant
Noah,Lange,54614,Dingdorf
Noah,Scholz,38489,Beetzendorf
Noah,Krämer,17091,Breesen
Noah,Seidel,37218,Witzenhausen
Noah,Böhm,27412,Bülstedt
Noah,Otto,77770,Durbach
Noah,Schubert,17089,Burow
Noah,Graf,51469,Bergisch Gladbach
Noah,Albrecht,67273,Herxheim am Berg
Noah,Heinrich,56459,Kaden
Noah,Simon,23816,Leezen
Noah,Jäger,55606,Brauweiler
Noah,Lorenz,45894,Gelsenkirchen
Noah,Schuster,90559,Burgthann
Noah,Hartmann,27367,Ahausen
Noah,Berger,84155,Bodenkirchen
Noah,Dietrich,24321,Hohwacht
Noah,Arnold,91602,Dürrwangen
Noah,Voigt,66909,Herschweiler-Pettersheim
Noah,Kühn,95697,Nagel
Noah,Peters,45897,Gelsenkirchen
Noah,Wendt,17209,Melz
Noah,Linke,22962,Siek
Noah,Fuchs,20146,Hamburg
Noah,Möller,18198,Stäbelow
Noah,Paul,82399,Raisting
Noah,Horn,4463,Großpösna
Paula,Müller,97922,Lauda-Königshofen
Paula,Schmidt,72585,Riederich
Paula,Schneider,53125,Bonn
Paula,Fischer,79822,Titisee-Neustadt
Paula,Weber,8223,Grünbach
Paula,Meyer,27386,Westerwalsede
Paula,Wagner,93057,Regensburg
Paula,Becker,56759,Eppenberg
Paula,Hofmann,1445,Radebeul
Paula,Koch,91725,Ehingen
Paula,Bauer,56829,Pommern
Paula,Richter,36466,Dermbach
Paula,Klein,56244,Helferskirchen
Paula,Wolf,76879,Essingen
Paula,Neumann,54675,Körperich
Paula,Schwarz,65611,Brechen
Paula,Zimmermann,92729,Weiherhammer
Paula,Braun,27619,Schiffdorf
Paula,Krüger,56414,Salz
Paula,Hoffmann,37197,Hattorf am Harz
Paula,Schäfer,76706,Dettenheim
Paula,Scholz,23909,Römnitz
Paula,Franke,66620,Nonnweiler
Paula,Lange,25792,Strübbel
Paula,Scholz,98574,Schmalkalden
Paula,Krämer,55452,Laubenheim
Paula,Seidel,67273,Weisenheim am Berg
Paula,Böhm,23909,Giesensdorf
Paula,Otto,24813,Schülp bei Rendsburg
Paula,Schubert,77784,Oberharmersbach
Paula,Graf,56751,Einig
Paula,Albrecht,8468,Limbach
Paula,Heinrich,71272,Renningen
Paula,Simon,6456,Arnstein
Paula,Jäger,19300,Kremmin
Paula,Lorenz,82294,Oberschweinbach
Paula,Schuster,17309,Schönwalde
Paula,Hartmann,54657,Gindorf
Paula,Berger,37247,Großalmerode
Paula,Dietrich,83707,Bad Wiessee
Paula,Arnold,53773,Hennef (Sieg)
Paula,Voigt,56283,Kratzenburg
Paula,Kühn,30855,Langenhagen
Paula,Peters,74076,Heilbronn
Paula,Wendt,56340,Osterspai
Paula,Linke,26907,Walchum
Paula,Fuchs,87538,Obermaiselstein
Paula,Möller,47447,Moers
Paula,Paul,54518,Bergweiler
Paula,Horn,74392,Freudental
Quentin,Müller,92655,Grafenwöhr
Quentin,Schmidt,8393,Schönberg
Quentin,Schneider,54657,Badem
Quentin,Fischer,8527,Plauen
Quentin,Weber,24357,Fleckeby
Quentin,Meyer,66501,Kleinbundenbach
Quentin,Wagner,14053,Berlin
Quentin,Becker,23847,Westerau
Quentin,Hofmann,24629,Kisdorf
Quentin,Koch,66869,Schellweiler
Quentin,Bauer,29225,Celle
Quentin,Richter,56588,Waldbreitbach
Quentin,Klein,57520,Molzhain
Quentin,Wolf,9394,Hohndorf
Quentin,Neumann,22952,Lütjensee
Quentin,Schwarz,19258,Neu Gülze
Quentin,Zimmermann,90439,Nürnberg
Quentin,Braun,79809,Weilheim
Quentin,Krüger,39343,Ingersleben
Quentin,Hoffmann,42853,Remscheid
Quentin,Schäfer,17129,Bentzin
Quentin,Scholz,56459,Stahlhofen am Wiesensee
Quentin,Franke,24220,Boksee
Quentin,Lange,72297,Grömbach
Quentin,Scholz,79227,Schallstadt
Quentin,Krämer,59889,Eslohe
Quentin,Seidel,63584,Gründau
Quentin,Böhm,18182,Rövershagen
Quentin,Otto,18528,Parchtitz
Quentin,Schubert,18184,Thulendorf
Quentin,Graf,15848,Beeskow
Quentin,Albrecht,91622,Rügland
Quentin,Heinrich,22959,Linau
Quentin,Simon,21770,Mittelstenahe
Quentin,Jäger,67259,Heuchelheim bei Frankenthal
Quentin,Lorenz,18314,Lüdershagen
Quentin,Schuster,75173,Pforzheim
Quentin,Hartmann,9247,Chemnitz
Quentin,Berger,44649,Herne
Quentin,Dietrich,27367,Reeßum
Quentin,Arnold,55606,Limbach
Quentin,Voigt,15328,Küstriner Vorland
Quentin,Kühn,24217,Schönberg (Holstein)
Quentin,Peters,86949,Windach
Quentin,Wendt,56584,Anhausen
Quentin,Linke,82284,Grafrath
Quentin,Fuchs,56191,Weitersburg
Quentin,Möller,56269,Marienhausen
Quentin,Paul,6456,Arnstein
Quentin,Horn,86922,Eresing
Rosa,Müller,18184,Broderstorf
Rosa,Schmidt,19406,Borkow
Rosa,Schneider,77797,Ohlsbach
Rosa,Fischer,89079,Ulm
Rosa,Weber,37351,Dingelstädt
Rosa,Meyer,73479,Ellwangen (Jagst)
Rosa,Wagner,87545,Burgberg i.Allgäu
Rosa,Becker,91726,Gerolfingen
Rosa,Hofmann,19077,Rastow
Rosa,Koch,40593,Düsseldorf
Rosa,Bauer,55481,Womrath
Rosa,Richter,63872,Heimbuchenthal
Rosa,Klein,31618,Liebenau
Rosa,Wolf,54316,Ollmuth
Rosa,Neumann,1594,Hirschstein
Rosa,Schwarz,83435,Bad Reichenhall
Rosa,Zimmermann,24306,Lebrade
Rosa,Braun,98530,Marisfeld
Rosa,Krüger,54413,Bescheid
Rosa,Hoffmann,73269,Hochdorf
Rosa,Schäfer,9405,Gornau
Rosa,Scholz,97346,Iphofen
Rosa,Franke,72488,Sigmaringen
Rosa,Lange,86833,Ettringen
Rosa,Scholz,8393,Dennheritz
Rosa,Krämer,6193,Petersberg
Rosa,Seidel,21423,Drage
Rosa,Böhm,12489,Berlin
Rosa,Otto,24245,Klein Barkau
Rosa,Schubert,23898,Wentorf
Rosa,Graf,25885,Oster-Ohrstedt
Rosa,Albrecht,81827,München
Rosa,Heinrich,94365,Parkstetten
Rosa,Simon,49770,Herzlake
Rosa,Jäger,68799,Reilingen
Rosa,Lorenz,79872,Bernau im Schwarzwald
Rosa,Schuster,95488,Eckersdorf
Rosa,Hartmann,55595,Burgsponheim
Rosa,Berger,63073,Offenbach am Main
Rosa,Dietrich,18581,Putbus
Rosa,Arnold,7950,Zeulenroda-Triebes
Rosa,Voigt,93495,Weiding
Rosa,Kühn,7958,Hohenleuben
Rosa,Peters,7768,Bibra
Rosa,Wendt,88299,Leutkirch im Allgäu
Rosa,Linke,55585,Hochstätten
Rosa,Fuchs,66123,Saarbrücken
Rosa,Möller,72644,Oberboihingen
Rosa,Paul,56459,Rothenbach
Rosa,Horn,56070,Koblenz
Simon,Müller,56858,Rödelhausen
Simon,Schmidt,54472,Burgen
Simon,Schneider,87659,Hopferau
Simon,Fischer,67732,Hirschhorn/Pfalz
Simon,Weber,26892,Lehe
Simon,Meyer,91227,Leinburg
Simon,Wagner,7806,Weira
Simon,Becker,63075,Offenbach am Main
Simon,Hofmann,6386,Südliches Anhalt
Simon,Koch,35088,Battenberg (Eder)
Simon,Bauer,17495,Groß Kiesow
Simon,Richter,50170,Kerpen
Simon,Klein,73344,Gruibingen
Simon,Wolf,82211,Herrsching am Ammersee
Simon,Neumann,15936,Dahme/Mark
Simon,Schwarz,55776,Hahnweiler
Simon,Zimmermann,67706,Linden
Simon,Braun,25548,Mühlenbarbek
Simon,Krüger,79361,Sasbach am Kaiserstuhl
Simon,Hoffmann,4779,Wermsdorf
Simon,Schäfer,97502,Euerbach
Simon,Scholz,73765,Neuhausen auf den Fildern
Simon,Franke,98596,Brotterode-Trusetal
Simon,Lange,56237,Caan
Simon,Scholz,24787,Fockbek
Simon,Krämer,7616,Bürgel
Simon,Seidel,88696,Owingen
Simon,Böhm,17459,Koserow
Simon,Otto,55743,Kirschweiler
Simon,Schubert,6618,Schönburg
Simon,Graf,74731,Walldürn
Simon,Albrecht,17291,Randowtal
Simon,Heinrich,87654,Friesenried
Simon,Simon,63679,Schotten
Simon,Jäger,93333,Neustadt an der Donau
Simon,Lorenz,18528,Ralswiek
Simon,Schuster,55595,Argenschwang
Simon,Hartmann,72218,Wildberg
Simon,Berger,56459,Guckheim
Simon,Dietrich,44265,Dortmund
Simon,Arnold,67158,Ellerstadt
Simon,Voigt,4924,Bad Liebenwerda
Simon,Kühn,55767,Wilzenberg-Hußweiler
Simon,Peters,25917,Sprakebüll
Simon,Wendt,8539,Rosenbach/Vogtland
Simon,Linke,71063,Sindelfingen
Simon,Fuchs,51427,Bergisch Gladbach
Simon,Möller,82445,Schwaigen
Simon,Paul,74589,Satteldorf
Simon,Horn,19246,Zarrentin am Schaalsee
Thea,Müller,25572,Bokhorst
Thea,Schmidt,24960,Glücksburg
Thea,Schneider,37434,Bodensee
Thea,Fischer,14774,Brandenburg an der Havel
Thea,Weber,78580,Bärenthal
Thea,Meyer,56204,Hillscheid
Thea,Wagner,89143,Blaubeuren
Thea,Becker,66504,Bottenbach
Thea,Hofmann,48720,Rosendahl
Thea,Koch,47058,Duisburg
Thea,Bauer,23552,Lübeck
Thea,Richter,21521,Reinbek
Thea,Klein,14129,Berlin
Thea,Wolf,54608,Winterscheid
Thea,Neumann,4626,Heukewalde
Thea,Schwarz,94356,Kirchroth
Thea,Zimmermann,27568,Bremerhaven
Thea,Braun,97999,Igersheim
Thea,Krüger,19412,Blankenberg
Thea,Hoffmann,95369,Untersteinach
Thea,Schäfer,24885,Sieverstedt
Thea,Scholz,92363,Breitenbrunn
Thea,Franke,13349,Berlin
Thea,Lange,94545,Hohenau
Thea,Scholz,85298,Scheyern
Thea,Krämer,55278,Friesenheim
Thea,Seidel,4838,Doberschütz
Thea,Böhm,38350,Helmstedt
Thea,Otto,95028,Hof
Thea,Schubert,98617,Untermaßfeld
Thea,Graf,21726,Kranenburg
Thea,Albrecht,99448,Hohenfelden
Thea,Heinrich,57642,Alpenrod
Thea,Simon,8606,Tirpersdorf
Thea,Jäger,17099,Datzetal
Thea,Lorenz,12529,Schönefeld
Thea,Schuster,29410,Salzwedel
Thea,Hartmann,88131,Lindau (Bodensee)
Thea,Berger,20257,Hamburg
Thea,Dietrich,78589,Dürbheim
Thea,Arnold,19322,Weisen
Thea,Voigt,25358,Hohenfelde
Thea,Kühn,17459,Loddin
Thea,Peters,28359,Bremen
Thea,Wendt,25859,Hallig Hooge
Thea,Linke,8412,Werdau
Thea,Fuchs,87740,Buxheim
Thea,Möller,95195,Röslau
Thea,Paul,24864,Brodersby-Goltoft
Thea,Horn,3096,Guhrow
Uwe,Müller,96279,Weidhausen b.Coburg
Uwe,Schmidt,85445,Oberding
Uwe,Schneider,56355,Kehlbach
Uwe,Fischer,56424,Ebernhahn
Uwe,Weber,19372,Stolpe
Uwe,Meyer,56133,Fachbach
Uwe,Wagner,38542,Leiferde
Uwe,Becker,40227,Düsseldorf
Uwe,Hofmann,29562,Suhlendorf
Uwe,Koch,88457,Kirchdorf an der Iller
Uwe,Bauer,21684,Agathenburg
Uwe,Richter,31246,Ilsede
Uwe,Klein,67808,Bennhausen
Uwe,Wolf,26835,Brinkum
Uwe,Neumann,25884,Sollwitt
Uwe,Schwarz,47226,Duisburg
Uwe,Zimmermann,25573,Dammfleth
Uwe,Braun,9599,Freiberg
Uwe,Krüger,91583,Diebach
Uwe,Hoffmann,69502,Hemsbach
Uwe,Schäfer,72766,Reutlingen
Uwe,Scholz,73733,Esslingen am Neckar
Uwe,Franke,55624,Oberkirn
Uwe,Lange,26721,Emden
Uwe,Scholz,15306,Fichtenhöhe
Uwe,Krämer,91734,Mitteleschenbach
Uwe,Seidel,66955,Münchweiler an der Rodalb
Uwe,Böhm,25524,Itzehoe
Uwe,Otto,84555,Jettenbach
Uwe,Schubert,55246,Wiesbaden
Uwe,Graf,18445,Prohn
Uwe,Albrecht,76891,Busenberg
Uwe,Heinrich,16833,Neuruppin
Uwe,Simon,99713,Helbedündorf
Uwe,Jäger,25842,Langenhorn
Uwe,Lorenz,36367,Wartenberg
Uwe,Schuster,96152,Burghaslach
Uwe,Hartmann,22299,Hamburg
Uwe,Berger,55234,Bechtolsheim
Uwe,Dietrich,2929,Rothenburg/Oberlausitz
Uwe,Arnold,31558,Hagenburg
Uwe,Voigt,89613,Oberstadion
Uwe,Kühn,67822,Sankt Alban
Uwe,Peters,95512,Neudrossenfeld
Uwe,Wendt,18356,Barth
Uwe,Linke,40489,Düsseldorf
Uwe,Fuchs,76351,Linkenheim-Hochstetten
Uwe,Möller,84323,Massing
Uwe,Paul,89542,Herbrechtingen
Uwe,Horn,27318,Hoyerhagen
Vanessa,Müller,65307,Bad Schwalbach
Vanessa,Schmidt,25924,Friedrich-Wilhelm-Lübke-Koog
Vanessa,Schneider,76829,Ramberg
Vanessa,Fischer,45659,Recklinghausen
Vanessa,Weber,25782,Schrum
Vanessa,Meyer,97795,Schondra
Vanessa,Wagner,27404,Rhade
Vanessa,Becker,39356,Flechtingen
Vanessa,Hofmann,56412,Niedererbach
Vanessa,Koch,85757,Karlsfeld
Vanessa,Bauer,25899,Niebüll
Vanessa,Richter,24211,Kühren
Vanessa,Klein,25371,Seestermühe
Vanessa,Wolf,18461,Weitenhagen
Vanessa,Neumann,22177,Hamburg
Vanessa,Schwarz,25361,Elskop
Vanessa,Zimmermann,18528,Parchtitz
Vanessa,Braun,4626,Vollmershain
Vanessa,Krüger,29481,Karwitz
Vanessa,Hoffmann,40880,Ratingen
Vanessa,Schäfer,67706,Linden
Vanessa,Scholz,47624,Kevelaer
Vanessa,Franke,97505,Geldersheim
Vanessa,Lange,9123,Chemnitz
Vanessa,Scholz,64569,Nauheim
Vanessa,Krämer,65606,Villmar
Vanessa,Seidel,83253,Rimsting
Vanessa,Böhm,56291,Hausbay
Vanessa,Otto,18225,Kühlungsborn
Vanessa,Schubert,90402,Nürnberg
Vanessa,Graf,54533,Bettenfeld
Vanessa,Albrecht,94249,Bodenmais
Vanessa,Heinrich,37339,Ecklingerode
Vanessa,Simon,39291,Möckern
Vanessa,Jäger,86551,Aichach
Vanessa,Lorenz,73345,Drackenstein
Vanessa,Schuster,97297,Waldbüttelbrunn
Vanessa,Hartmann,19217,Thandorf
Vanessa,Berger,18442,Wendorf
Vanessa,Dietrich,60486,Frankfurt am Main
Vanessa,Arnold,87763,Lautrach
Vanessa,Voigt,88376,Königseggwald
Vanessa,Kühn,54552,Strotzbüsch
Vanessa,Peters,67808,Ruppertsecken
Vanessa,Wendt,55469,Klosterkumbd
Vanessa,Linke,17099,Galenbeck
Vanessa,Fuchs,18276,Groß Schwiesow
Vanessa,Möller,18556,Breege
Vanessa,Paul,54597,Wallersheim
Vanessa,Horn,91632,Wieseth
Willi,Müller,86695,Allmannshofen
Willi,Schmidt,98617,Vachdorf
Willi,Schneider,48341,Altenberge
Willi,Fischer,17440,Sauzin
Willi,Weber,17219,Möllenhagen
Willi,Meyer,4720,Döbeln
Willi,Wagner,67824,Feilbingert
Willi,Becker,84092,Bayerbach b. Ergoldsbach
Willi,Hofmann,78086,Brigachtal
Willi,Koch,76344,Eggenstein-Leopoldshafen
Willi,Bauer,28717,Bremen
Willi,Richter,38375,Räbke
Willi,Klein,38102,Braunschweig
Willi,Wolf,24399,Grödersby
Willi,Neumann,25884,Sollwitt
Willi,Schwarz,65936,Frankfurt am Main
Willi,Zimmermann,55483,Krummenau
Willi,Braun,25813,Südermarsch
Willi,Krüger,34516,Vöhl
Willi,Hoffmann,25582,Looft
Willi,Schäfer,26721,Emden
Willi,Scholz,91586,Lichtenau
Willi,Franke,4741,Roßwein
Willi,Lange,23845,Oering
Willi,Scholz,3053,Cottbus - Chóśebuz
Willi,Krämer,7381,Pößneck
Willi,Seidel,49593,Bersenbrück
Willi,Böhm,74544,Michelbach an der Bilz
Willi,Otto,24863,Börm
Willi,Schubert,31700,Heuerßen
Willi,Graf,18442,Steinhagen
Willi,Albrecht,26903,Surwold
Willi,Heinrich,89177,Ballendorf
Willi,Simon,88456,Ingoldingen
Willi,Jäger,16259,Falkenberg
Willi,Lorenz,91365,Weilersbach
Willi,Schuster,73037,Heiningen
Willi,Hartmann,89542,Herbrechtingen
Willi,Berger,4179,Leipzig
Willi,Dietrich,54675,Kruchten
Willi,Arnold,90556,Cadolzburg
Willi,Voigt,38104,Braunschweig
Willi,Kühn,73252,Lenningen
Willi,Peters,36469,Bad Salzungen
Willi,Wendt,6618,Mertendorf
Willi,Linke,16835,Neuruppin
Willi,Fuchs,56283,Nörtershausen
Willi,Möller,35708,Haiger
Willi,Paul,15306,Vierlinden
Willi,Horn,19230,Groß Krams
Xenia,Müller,84095,Furth
Xenia,Schmidt,83708,Kreuth
Xenia,Schneider,79837,Ibach
Xenia,Fischer,91564,Neuendettelsau
Xenia,Weber,25761,Büsumer Deichhausen
Xenia,Meyer,31600,Uchte
Xenia,Wagner,49549,Ladbergen
Xenia,Becker,69253,Heiligkreuzsteinach
Xenia,Hofmann,72669,Unterensingen
Xenia,Koch,86836,Klosterlechfeld
Xenia,Bauer,64823,Groß-Umstadt
Xenia,Richter,3238,Finsterwalde
Xenia,Klein,36433,Leimbach
Xenia,Wolf,25923,Braderup
Xenia,Neumann,84172,Buch am Erlbach
Xenia,Schwarz,4849,Laußig
Xenia,Zimmermann,17390,Ziethen
Xenia,Braun,7646,Oberbodnitz
Xenia,Krüger,94065,Waldkirchen
Xenia,Hoffmann,91438,Sugenheim
Xenia,Schäfer,85462,Eitting
Xenia,Scholz,91486,Uehlfeld
Xenia,Franke,6712,Gutenborn
Xenia,Lange,73312,Bad Ditzenbach
Xenia,Scholz,63674,Altenstadt
Xenia,Krämer,25767,Beldorf
Xenia,Seidel,72667,Schlaitdorf
Xenia,Böhm,56659,Burgbrohl
Xenia,Otto,92699,Irchenrieth
Xenia,Schubert,57612,Eichelhardt
Xenia,Graf,27367,Reeßum
Xenia,Albrecht,18107,Rostock
Xenia,Heinrich,87640,Biessenhofen
Xenia,Simon,6577,Etzleben
Xenia,Jäger,85408,Gammelsdorf
Xenia,Lorenz,54646,Wettlingen
Xenia,Schuster,96250,Ebensfeld
Xenia,Hartmann,97526,Sennfeld
Xenia,Berger,74862,Binau
Xenia,Dietrich,6308,Klostermansfeld
Xenia,Arnold,73274,Notzingen
Xenia,Voigt,25764,Norddeich
Xenia,Kühn,27607,Geestland
Xenia,Peters,19376,Ruhner Berge
Xenia,Wendt,66957,Vinningen
Xenia,Linke,23946,Klütz
Xenia,Fuchs,27243,Kirchseelte
Xenia,Möller,48351,Everswinkel
Xenia,Paul,95519,Vorbach
Xenia,Horn,33649,Bielefeld
Yannik,Müller,66887,Ulmet
Yannik,Schmidt,69124,Heidelberg
Yannik,Schneider,64409,Messel
Yannik,Fischer,26849,Filsum
Yannik,Weber,34587,Felsberg
Yannik,Meyer,57520,Mauden
Yannik,Wagner,79837,St. Blasien
Yannik,Becker,49767,Twist
Yannik,Hofmann,42109,Wuppertal
Yannik,Koch,83104,Tuntenhausen
Yannik,Bauer,21709,Himmelpforten
Yannik,Richter,65582,Aull
Yannik,Klein,79694,Utzenfeld
Yannik,Wolf,44801,Bochum
Yannik,Neumann,94544,Hofkirchen
Yannik,Schwarz,65203,Wiesbaden
Yannik,Zimmermann,66851,Gerhardsbrunn
Yannik,Braun,25836,Vollerwiek
Yannik,Krüger,96142,Hollfeld
Yannik,Hoffmann,84163,Marklkofen
Yannik,Schäfer,56348,Kestert
Yannik,Scholz,39628,Bismark (Altmark)
Yannik,Franke,54340,Pölich
Yannik,Lange,24598,Heidmühlen
Yannik,Scholz,67308,Ottersheim
Yannik,Krämer,25938,Oldsum
Yannik,Seidel,49536,Lienen
Yannik,Böhm,97450,Arnstein
Yannik,Otto,60306,Frankfurt am Main
Yannik,Schubert,25862,Kolkerheide
Yannik,Graf,82395,Obersöchering
Yannik,Albrecht,67311,Tiefenthal
Yannik,Heinrich,45130,Essen
Yannik,Simon,89340,Leipheim
Yannik,Jäger,19294,Grebs-Niendorf
Yannik,Lorenz,35282,Rauschenberg
Yannik,Schuster,23898,Kühsen
Yannik,Hartmann,19306,Blievenstorf
Yannik,Berger,25767,Bunsoh
Yannik,Dietrich,25767,Arkebek
Yannik,Arnold,8606,Oelsnitz/Vogtland
Yannik,Voigt,52459,Inden
Yannik,Kühn,67806,Dörrmoschel
Yannik,Peters,25885,Ahrenviöl
Yannik,Wendt,14199,Berlin
Yannik,Linke,8541,Theuma
Yannik,Fuchs,39326,Colbitz
Yannik,Möller,12355,Berlin
Yannik,Paul,83559,Gars am Inn
Yannik,Horn,74429,Sulzbach-Laufen
Zoe,Müller,44799,Bochum
Zoe,Schmidt,27305,Bruchhausen-Vilsen
Zoe,Schneider,55758,Langweiler
Zoe,Fischer,7427,Schwarzburg
Zoe,Weber,21739,Dollern
Zoe,Meyer,71404,Korb
Zoe,Wagner,10409,Berlin
Zoe,Becker,24145,Kiel
Zoe,Hofmann,55767,Nohen
Zoe,Koch,72514,Inzigkofen
Zoe,Bauer,47652,Weeze
Zoe,Richter,26427,Moorweg
Zoe,Klein,71065,Sindelfingen
Zoe,Wolf,45309,Essen
Zoe,Neumann,14469,Potsdam
Zoe,Schwarz,61462,Königstein im Taunus
Zoe,Zimmermann,55546,Frei-Laubersheim
Zoe,Braun,3044,Cottbus - Chóśebuz
Zoe,Krüger,24594,Rade b. Hohenwestedt
Zoe,Hoffmann,63796,Kahl am Main
Zoe,Schäfer,21337,Lüneburg
Zoe,Scholz,55471,Tiefenbach
Zoe,Franke,84533,Haiming
Zoe,Lange,33647,Bielefeld
Zoe,Scholz,79677,Tunau
Zoe,Krämer,93354,Siegenburg
Zoe,Seidel,24610,Trappenkamp
Zoe,Böhm,66871,Herchweiler
Zoe,Otto,93051,Regensburg
Zoe,Schubert,97450,Arnstein
Zoe,Graf,31028,Gronau
Zoe,Albrecht,67305,Ramsen
Zoe,Heinrich,54349,Trittenheim
Zoe,Simon,90574,Roßtal
Zoe,Jäger,83352,Altenmarkt an der Alz
Zoe,Lorenz,54426,Gräfendhron
Zoe,Schuster,93138,Lappersdorf
Zoe,Hartmann,76887,Böllenborn
Zoe,Berger,93047,Regensburg
Zoe,Dietrich,19089,Tramm
Zoe,Arnold,99095,Erfurt
Zoe,Voigt,24241,Grevenkrug
Zoe,Kühn,55430,Perscheid
Zoe,Peters,91094,Langensendelbach
Zoe,Wendt,54578,Oberbettingen
Zoe,Linke,92729,Weiherhammer
Zoe,Fuchs,60435,Frankfurt am Main
Zoe,Möller,24159,Kiel
Zoe,Paul,95352,Marktleugast
Zoe,Horn,50739,Köln
Alexander,Müller,28865,Lilienthal
Alexander,Schmidt,4288,Leipzig
Alexander,Schneider,32699,Extertal
Alexander,Fischer,22929,Köthel
Alexander,Weber,7607,Gösen
Alexander,Meyer,90587,Tuchenbach
Alexander,Wagner,59379,Selm
Alexander,Becker,56357,Pohl
Alexander,Hofmann,54636,Schleid
Alexander,Koch,54340,Bekond
Alexander,Bauer,76139,Karlsruhe
Alexander,Richter,55767,Schwollen
Alexander,Klein,69124,Heidelberg
Alexander,Wolf,17192,Klink
Alexander,Neumann,37235,Hessisch Lichtenau
Alexander,Schwarz,47551,Bedburg-Hau
Alexander,Zimmermann,30449,Hannover
Alexander,Braun,71254,Ditzingen
Alexander,Krüger,29576,Barum
Alexander,Hoffmann,99826,Lauterbach
Alexander,Schäfer,6369,Köthen (Anhalt)
Alexander,Scholz,18556,Putgarten
Alexander,Franke,4575,Neukieritzsch
Alexander,Lange,94158,Philippsreut
Alexander,Scholz,18356,Barth
Alexander,Krämer,24558,Henstedt-Ulzburg
Alexander,Seidel,76835,Rhodt unter Rietburg
Alexander,Böhm,88453,Erolzheim
Alexander,Otto,76848,Lug
Alexander,Schubert,95180,Berg
Alexander,Graf,38459,Bahrdorf
Alexander,Albrecht,1705,Freital
Alexander,Heinrich,27574,Bremerhaven
Alexander,Simon,24398,Winnemark
Alexander,Jäger,89561,Dischingen
Alexander,Lorenz,25761,Hedwigenkoog
Alexander,Schuster,7751,Rothenstein
Alexander,Hartmann,56348,Weisel
Alexander,Berger,37318,Asbach-Sickenberg
Alexander,Dietrich,55578,Sankt Johann
Alexander,Arnold,21385,Rehlingen
Alexander,Voigt,79238,Ehrenkirchen
Alexander,Kühn,44263,Dortmund
Alexander,Peters,23758,Wangels
Alexander,Wendt,55469,Schönborn
Alexander,Linke,97654,Bastheim
Alexander,Fuchs,73116,Wäschenbeuren
Alexander,Möller,91460,Baudenbach
Alexander,Paul,36129,Gersfeld (Rhön)
Alexander,Horn,67685,Eulenbis
Bianca,Müller,24321,Tröndel
Bianca,Schmidt,50677,Köln
Bianca,Schneider,7646,Scheiditz
Bianca,Fischer,6686,Lützen
Bianca,Weber,55629,Seesbach
Bianca,Meyer,55758,Hellertshausen
Bianca,Wagner,56729,Kehrig
Bianca,Becker,55765,Oberhambach
Bianca,Hofmann,7616,Graitschen bei Bürgel
Bianca,Koch,91788,Pappenheim
Bianca,Bauer,67806,Teschenmoschel
Bianca,Richter,24405,Rügge
Bianca,Klein,67259,Beindersheim
Bianca,Wolf,56729,Nitz
Bianca,Neumann,37643,Negenborn
Bianca,Schwarz,35647,Waldsolms
Bianca,Zimmermann,25704,Meldorf
Bianca,Braun,92361,Berngau
Bianca,Krüger,35767,Breitscheid
Bianca,Hoffmann,96271,Grub a.Forst
Bianca,Schäfer,24616,Borstel
Bianca,Scholz,55624,Schwerbach
Bianca,Franke,3096,Burg (Spreewald)
Bianca,Lange,56244,Ewighausen
Bianca,Scholz,56743,Mendig
Bianca,Krämer,74076,Heilbronn
Bianca,Seidel,6456,Arnstein
Bianca,Böhm,19374,Parchim
Bianca,Otto,38527,Meine
Bianca,Schubert,24392,Mohrkirch
Bianca,Graf,23744,Schönwalde am Bungsberg
Bianca,Albrecht,16515,Oranienburg
Bianca,Heinrich,27389,Vahlde
Bianca,Simon,91567,Herrieden
Bianca,Jäger,91731,Langfurth
Bianca,Lorenz,24894,Twedt
Bianca,Schuster,13437,Berlin
Bianca,Hartmann,2929,Rothenburg/Oberlausitz
Bianca,Berger,29472,Damnatz
Bianca,Dietrich,56357,Berg
Bianca,Arnold,14669,Ketzin/Havel
Bianca,Voigt,17109,Demmin
Bianca,Kühn,24568,Oersdorf
Bianca,Peters,88524,Uttenweiler
Bianca,Wendt,48712,Gescher
Bianca,Linke,91599,Dentlein am Forst
Bianca,Fuchs,25761,Westerdeichstrich
Bianca,Möller,35239,Steffenberg
Bianca,Paul,39524,Schönhausen (Elbe)
Bianca,Horn,56843,Irmenach
Christian,Müller,56283,Kratzenburg
Christian,Schmidt,79862,Höchenschwand
Christian,Schneider,15518,Steinhöfel
Christian,Fischer,89607,Emerkingen
Christian,Weber,54413,Bescheid
Christian,Meyer,85122,Hitzhofen
Christian,Wagner,68799,Reilingen
Christian,Becker,86482,Aystetten
Christian,Hofmann,84109,Wörth a.d. Isar
Christian,Koch,18469,Velgast
Christian,Bauer,1665,Diera-Zehren
Christian,Richter,54597,Duppach
Christian,Klein,1896,Ohorn
Christian,Wolf,23845,Bahrenhof
Christian,Neumann,54646,Bettingen
Christian,Schwarz,83417,Kirchanschöring
Christian,Zimmermann,6861,Dessau-Roßlau
Christian,Braun,87763,Lautrach
Christian,Krüger,54518,Minheim
Christian,Hoffmann,18198,Stäbelow
Christian,Schäfer,29643,Neuenkirchen
Christian,Scholz,39291,Genthin
Christian,Franke,3185,Peitz
Christian,Lange,57539,Roth
Christian,Scholz,97250,Erlabrunn
Christian,Krämer,26897,Hilkenbrook
Christian,Seidel,8543,Pöhl
Christian,Böhm,59590,Geseke
Christian,Otto,99100,Großfahner
Christian,Schubert,57635,Kraam
Christian,Graf,83250,Marquartstein
Christian,Albrecht,53506,Lind
Christian,Heinrich,55413,Niederheimbach
Christian,Simon,87634,Obergünzburg
Christian,Jäger,54518,Plein
Christian,Lorenz,18445,Kramerhof
Christian,Schuster,64754,Eberbach
Christian,Hartmann,41366,Schwalmtal
Christian,Berger,37213,Witzenhausen
Christian,Dietrich,15328,Golzow
Christian,Arnold,48336,Sassenberg
Christian,Voigt,66957,Hilst
Christian,Kühn,7613,Walpernhain
Christian,Peters,89434,Blindheim
Christian,Wendt,61206,Wöllstadt
Christian,Linke,30459,Hannover
Christian,Fuchs,97270,Kist
Christian,Möller,78476,Allensbach
Christian,Paul,25725,Schafstedt
Christian,Horn,82398,Polling
Daniela,Müller,15328,Zechin
Daniela,Schmidt,23847,Schürensöhlen
Daniela,Schneider,17166,Dalkendorf
Daniela,Fischer,98530,Dillstädt
Daniela,Weber,67744,Wiesweiler
Daniela,Meyer,96274,Itzgrund
Daniela,Wagner,32683,Barntrup
Daniela,Becker,30851,Langenhagen
Daniela,Hofmann,77743,Neuried
Daniela,Koch,68169,Mannheim
Daniela,Bauer,97294,Unterpleichfeld
Daniela,Richter,38173,Sickte
Daniela,Klein,66871,Etschberg
Daniela,Wolf,98673,Auengrund
Daniela,Neumann,88364,Wolfegg
Daniela,Schwarz,28359,Bremen
Daniela,Zimmermann,54587,Birgel
Daniela,Braun,55234,Dintesheim
Daniela,Krüger,91350,Gremsdorf
Daniela,Hoffmann,57629,Dreifelden
Daniela,Schäfer,58849,Herscheid
Daniela,Scholz,21436,Marschacht
Daniela,Franke,93086,Wörth an der Donau
Daniela,Lange,88250,Weingarten
Daniela,Scholz,53506,Rech
Daniela,Krämer,24357,Güby
Daniela,Seidel,54516,Wittlich
Daniela,Böhm,95683,Ebnath
Daniela,Otto,57627,Heuzert
Daniela,Schubert,63633,Birstein
Daniela,Graf,79877,Friedenweiler
Daniela,Albrecht,44269,Dortmund
Daniela,Heinrich,51545,Waldbröl
Daniela,Simon,16866,Wusterhausen/Dosse
Daniela,Jäger,99625,Sömmerda
Daniela,Lorenz,56204,Hillscheid
Daniela,Schuster,84186,Vilsheim
Daniela,Hartmann,91187,Röttenbach
Daniela,Berger,6406,Bernburg
Daniela,Dietrich,24794,Bünsdorf
Daniela,Arnold,37339,Ferna
Daniela,Voigt,49434,Neuenkirchen-Vörden
Daniela,Kühn,54298,Eisenach
Daniela,Peters,63543,Neuberg
Daniela,Wendt,78056,Villingen-Schwenningen
Daniela,Linke,78570,Mühlheim an der Donau
Daniela,Fuchs,32361,Preußisch Oldendorf
Daniela,Möller,10249,Berlin
Daniela,Paul,82335,Berg
Daniela,Horn,19073,Zülow
Elias,Müller,56850,Hahn
Elias,Schmidt,25767,Arkebek
Elias,Schneider,40474,Düsseldorf
Elias,Fischer,24797,Hörsten
Elias,Weber,87677,Stöttwang
Elias,Meyer,72299,Wörnersberg
Elias,Wagner,94579,Zenting
Elias,Becker,95364,Ludwigschorgast
Elias,Hofmann,4618,Langenleuba-Niederhain
Elias,Koch,64395,Groß-Bieberau
Elias,Bauer,56414,Hundsangen
Elias,Richter,23554,Lübeck
Elias,Klein,1187,Dresden
Elias,Wolf,64756,Mossautal
Elias,Neumann,6844,Dessau-Roßlau
Elias,Schwarz,19075,Holthusen
Elias,Zimmermann,54349,Trittenheim
Elias,Braun,67716,Heltersberg
Elias,Krüger,41460,Neuss
Elias,Hoffmann,33649,Bielefeld
Elias,Schäfer,65183,Wiesbaden
Elias,Scholz,98617,Sülzfeld
Elias,Franke,19372,Karrenzin
Elias,Lange,88079,Tettnang
Elias,Scholz,39517,Tangerhütte
Elias,Krämer,16547,Birkenwerder
Elias,Seidel,93473,Arnschwang
Elias,Böhm,17429,Heringsdorf
Elias,Otto,97727,Fuchsstadt
Elias,Schubert,38820,Halberstadt
Elias,Graf,56133,Fachbach
Elias,Albrecht,38464,Groß Twülpstedt
Elias,Heinrich,79843,Löffingen
Elias,Simon,7427,Schwarzburg
Elias,Jäger,45964,Gladbeck
Elias,Lorenz,14197,Berlin
Elias,Schuster,54413,Geisfeld
Elias,Hartmann,96528,Schalkau
Elias,Berger,70597,Stuttgart
Elias,Dietrich,92637,Weiden in der Oberpfalz
Elias,Arnold,61130,Nidderau
Elias,Voigt,85386,Eching
Elias,Kühn,6122,Halle (Saale)
Elias,Peters,27726,Breddorf
Elias,Wendt,99958,Großvargula
Elias,Linke,10777,Berlin
Elias,Fuchs,8261,Schöneck/Vogtl.
Elias,Möller,54441,Ockfen
Elias,Paul,55122,Mainz
Elias,Horn,14797,Kloster Lehnin
Frida,Müller,7554,Gera
Frida,Schmidt,25361,Grevenkop
Frida,Schneider,67592,Flörsheim-Dalsheim
Frida,Fischer,96167,Königsfeld
Frida,Weber,90455,Nürnberg
Frida,Meyer,27308,Kirchlinteln
Frida,Wagner,37308,Krombach
Frida,Becker,90461,Nürnberg
Frida,Hofmann,21376,Gödenstorf
Frida,Koch,4328,Leipzig
Frida,Bauer,3185,Turnow-Preilack
Frida,Richter,77796,Mühlenbach
Frida,Klein,33034,Brakel
Frida,Wolf,66625,Nohfelden
Frida,Neumann,29462,Wustrow
Frida,Schwarz,86459,Gessertshausen
Frida,Zimmermann,45257,Essen
Frida,Braun,4129,Leipzig
Frida,Krüger,25842,Bordelum
Frida,Hoffmann,32369,Rahden
Frida,Schäfer,25704,Meldorf
Frida,Scholz,82387,Antdorf
Frida,Franke,54518,Bergweiler
Frida,Lange,76889,Steinfeld
Frida,Scholz,79252,Stegen
Frida,Krämer,13355,Berlin
Frida,Seidel,89361,Landensberg
Frida,Böhm,53539,Bongard
Frida,Otto,83224,Staudach-Egerndach
Frida,Schubert,93089,Aufhausen
Frida,Graf,59755,Arnsberg
Frida,Albrecht,48624,Schöppingen
Frida,Heinrich,85235,Odelzhausen
Frida,Simon,99425,Weimar
Frida,Jäger,92703,Krummennaab
Frida,Lorenz,54306,Kordel
Frida,Schuster,56859,Zell (Mosel)
Frida,Hartmann,72770,Reutlingen
Frida,Berger,17209,Zislow
Frida,Dietrich,21423,Winsen (Luhe)
Frida,Arnold,82549,Königsdorf
Frida,Voigt,97243,Bieberehren
Frida,Kühn,87538,Fischen im Allgäu
Frida,Peters,65623,Schiesheim
Frida,Wendt,2953,Bad Muskau - Mužakow
Frida,Linke,66987,Thaleischweiler-Fröschen
Frida,Fuchs,25709,Marnerdeich
Frida,Möller,31558,Hagenburg
Frida,Paul,55595,Gutenberg
Frida,Horn,97901,Altenbuch
Gabriel,Müller,56865,Panzweiler
Gabriel,Schmidt,74251,Lehrensteinsfeld
Gabriel,Schneider,16818,Märkisch Linden
Gabriel,Fischer,54608,Großlangenfeld
Gabriel,Weber,22929,Köthel
Gabriel,Meyer,54668,Kaschenbach
Gabriel,Wagner,25557,Bendorf
Gabriel,Becker,6800,Raguhn-Jeßnitz
Gabriel,Hofmann,1609,Röderaue
Gabriel,Koch,57413,Finnentrop
Gabriel,Bauer,90451,Nürnberg
Gabriel,Richter,70439,Stuttgart
Gabriel,Klein,19306,Blievenstorf
Gabriel,Wolf,25924,Friedrich-Wilhelm-Lübke-Koog
Gabriel,Neumann,37194,Bodenfelde
Gabriel,Schwarz,76872,Hergersweiler
Gabriel,Zimmermann,77794,Lautenbach
Gabriel,Braun,25876,Schwabstedt
Gabriel,Krüger,40233,Düsseldorf
Gabriel,Hoffmann,83129,Höslwang
Gabriel,Schäfer,85757,Karlsfeld
Gabriel,Scholz,98701,Großbreitenbach
Gabriel,Franke,71636,Ludwigsburg
Gabriel,Lange,24369,Waabs
Gabriel,Scholz,32289,Rödinghausen
Gabriel,Krämer,96145,Seßlach
Gabriel,Seidel,3205,Bronkow
Gabriel,Böhm,28307,Bremen
Gabriel,Otto,15910,Krausnick-Groß Wasserburg
Gabriel,Schubert,74925,Epfenbach
Gabriel,Graf,74638,Waldenburg
Gabriel,Albrecht,85540,München
Gabriel,Heinrich,44149,Dortmund
Gabriel,Simon,67732,Hirschhorn/Pfalz
Gabriel,Jäger,4626,Heukewalde
Gabriel,Lorenz,78098,Triberg im Schwarzwald
Gabriel,Schuster,64653,Lorsch
Gabriel,Hartmann,23896,Poggensee
Gabriel,Berger,73560,Böbingen an der Rems
Gabriel,Dietrich,94249,Bodenmais
Gabriel,Arnold,74925,Epfenbach
Gabriel,Voigt,86899,Landsberg am Lech
Gabriel,Kühn,44319,Dortmund
Gabriel,Peters,87496,Untrasried
Gabriel,Wendt,79588,Efringen-Kirchen
Gabriel,Linke,98693,Martinroda
Gabriel,Fuchs,25795,Stelle-Wittenwurth
Gabriel,Möller,83707,Bad Wiessee
Gabriel,Paul,97440,Werneck
Gabriel,Horn,23823,Seedorf
Hannah,Müller,25563,Föhrden-Barl
Hannah,Schmidt,54518,Bruch
Hannah,Schneider,37412,Elbingerode
Hannah,Fischer,94244,Geiersthal
Hannah,Weber,3042,Cottbus - Chóśebuz
Hannah,Meyer,37318,Birkenfelde
Hannah,Wagner,17375,Meiersberg
Hannah,Becker,99718,Niederbösa
Hannah,Hofmann,90579,Langenzenn
Hannah,Koch,63579,Freigericht
Hannah,Bauer,73773,Aichwald
Hannah,Richter,74206,Bad Wimpfen
Hannah,Klein,81241,München
Hannah,Wolf,49744,Geeste
Hannah,Neumann,75305,Neuenbürg
Hannah,Schwarz,17309,Fahrenwalde
Hannah,Zimmermann,6688,Weißenfels
Hannah,Braun,89129,Setzingen
Hannah,Krüger,9629,Reinsberg
Hannah,Hoffmann,72519,Veringenstadt
Hannah,Schäfer,48465,Quendorf
Hannah,Scholz,99192,Nottleben
Hannah,Franke,37434,Rollshausen
Hannah,Lange,56761,Hauroth
Hannah,Scholz,26937,Stadland
Hannah,Krämer,63633,Birstein
Hannah,Seidel,67822,Mannweiler-Cölln
Hannah,Böhm,63768,Hösbach
Hannah,Otto,25836,Garding
Hannah,Schubert,16837,Rheinsberg
Hannah,Graf,25474,Hasloh
Hannah,Albrecht,14828,Görzke
Hannah,Heinrich,93349,Mindelstetten
Hannah,Simon,7927,Hirschberg
Hannah,Jäger,27755,Delmenhorst
Hannah,Lorenz,92637,Weiden in der Oberpfalz
Hannah,Schuster,7589,Lindenkreuz
Hannah,Hartmann,55494,Erbach
Hannah,Berger,23823,Seedorf
Hannah,Dietrich,53506,Kesseling
Hannah,Arnold,94518,Spiegelau
Hannah,Voigt,87616,Wald
Hannah,Kühn,96472,Rödental
Hannah,Peters,91233,Neunkirchen a. Sand
Hannah,Wendt,79809,Weilheim
Hannah,Linke,89428,Syrgenstein
Hannah,Fuchs,95499,Harsdorf
Hannah,Möller,31633,Leese
Hannah,Paul,56379,Weinähr
Hannah,Horn,70190,Stuttgart
Ian,Müller,55578,Vendersheim
Ian,Schmidt,53520,Senscheid
Ian,Schneider,54614,Oberlauch
Ian,Fischer,66265,Heusweiler
Ian,Weber,56357,Eschbach
Ian,Meyer,91241,Kirchensittenbach
Ian,Wagner,25524,Breitenburg
Ian,Becker,48317,Drensteinfurt
Ian,Hofmann,9573,Augustusburg
Ian,Koch,86666,Burgheim
Ian,Bauer,66969,Lemberg
Ian,Richter,97848,Rechtenbach
Ian,Klein,76327,Pfinztal
Ian,Wolf,27404,Elsdorf
Ian,Neumann,37359,Großbartloff
Ian,Schwarz,99955,Mittelsömmern
Ian,Zimmermann,48488,Emsbüren
Ian,Braun,35037,Marburg
Ian,Krüger,30165,Hannover
Ian,Hoffmann,90614,Ammerndorf
Ian,Schäfer,85604,Zorneding
Ian,Scholz,54619,Reiff
Ian,Franke,8066,Zwickau
Ian,Lange,98667,Schleusegrund
Ian,Scholz,94366,Perasdorf
Ian,Krämer,15377,Oberbarnim
Ian,Seidel,3246,Massen-Niederlausitz
Ian,Böhm,96358,Teuschnitz
Ian,Otto,79102,Freiburg im Breisgau
Ian,Schubert,22115,Hamburg
Ian,Graf,67071,Ludwigshafen am Rhein
Ian,Albrecht,72517,Sigmaringendorf
Ian,Heinrich,55444,Dörrebach
Ian,Simon,92705,Leuchtenberg
Ian,Jäger,56291,Hausbay
Ian,Lorenz,86706,Weichering
Ian,Schuster,90403,Nürnberg
Ian,Hartmann,92278,Illschwang
Ian,Berger,54647,Gondorf
Ian,Dietrich,23824,Tensfeld
Ian,Arnold,19230,Hagenow
Ian,Voigt,14929,Treuenbrietzen
Ian,Kühn,33181,Bad Wünnenberg
Ian,Peters,21516,Schulendorf
Ian,Wendt,54518,Bruch
Ian,Linke,56825,Beuren
Ian,Fuchs,21423,Drage
Ian,Möller,68165,Mannheim
Ian,Paul,53534,Hoffeld
Ian,Horn,79280,Au
Julia,Müller,33611,Bielefeld
Julia,Schmidt,24857,Fahrdorf
Julia,Schneider,26556,Eversmeer
Julia,Fischer,86977,Burggen
Julia,Weber,99994,Marolterode
Julia,Meyer,25355,Barmstedt
Julia,Wagner,86479,Aichen
Julia,Becker,6528,Blankenheim
Julia,Hofmann,38551,Ribbesbüttel
Julia,Koch,96247,Michelau i.OFr.
Julia,Bauer,19217,Thandorf
Julia,Richter,18442,Groß Kordshagen
Julia,Klein,55606,Bärweiler
Julia,Wolf,25926,Karlum
Julia,Neumann,75365,Calw
Julia,Schwarz,75391,Gechingen
Julia,Zimmermann,34292,Ahnatal
Julia,Braun,57635,Rettersen
Julia,Krüger,54689,Olmscheid
Julia,Hoffmann,25718,Friedrichskoog
Julia,Schäfer,17321,Plöwen
Julia,Scholz,67059,Ludwigshafen am Rhein
Julia,Franke,75385,Neubulach
Julia,Lange,1731,Kreischa
Julia,Scholz,38364,Schöningen
Julia,Krämer,63512,Hainburg
Julia,Seidel,18347,Dierhagen
Julia,Böhm,86424,Dinkelscherben
Julia,Otto,83022,Rosenheim
Julia,Schubert,84550,Feichten an der Alz
Julia,Graf,76470,Ötigheim
Julia,Albrecht,24576,Bad Bramstedt
Julia,Heinrich,99631,Günstedt
Julia,Simon,24802,Groß Vollstedt
Julia,Jäger,54340,Riol
Julia,Lorenz,24568,Winsen
Julia,Schuster,81929,München
Julia,Hartmann,14828,Görzke
Julia,Berger,37643,Negenborn
Julia,Dietrich,54675,Hüttingen bei Lahr
Julia,Arnold,10247,Berlin
Julia,Voigt,9432,Großolbersdorf
Julia,Kühn,58332,Schwelm
Julia,Peters,56283,Mermuth
Julia,Wendt,38855,Nordharz
Julia,Linke,25554,Krummendiek
Julia,Fuchs,22885,Barsbüttel
Julia,Möller,76133,Karlsruhe
Julia,Paul,63936,Schneeberg
Julia,Horn,92363,Breitenbrunn
Konstantin,Müller,57072,Siegen
Konstantin,Schmidt,91560,Heilsbronn
Konstantin,Schneider,25361,Krempdorf
Konstantin,Fischer,79856,Hinterzarten
Konstantin,Weber,50674,Köln
Konstantin,Meyer,25782,Schrum
Konstantin,Wagner,57632,Seifen
Konstantin,Becker,32816,Schieder-Schwalenberg
Konstantin,Hofmann,90542,Eckental
Konstantin,Koch,77740,Bad Peterstal-Griesbach
Konstantin,Bauer,93155,Hemau
Konstantin,Richter,97320,Großlangheim
Konstantin,Klein,74235,Erlenbach
Konstantin,Wolf,63110,Rodgau
Konstantin,Neumann,81369,München
Konstantin,Schwarz,56244,Ettinghausen
Konstantin,Zimmermann,29590,Rätzlingen
Konstantin,Braun,84082,Laberweinting
Konstantin,Krüger,35398,Gießen
Konstantin,Hoffmann,46537,Dinslaken
Konstantin,Schäfer,24594,Tappendorf
Konstantin,Scholz,37619,Hehlen
Konstantin,Franke,56348,Dörscheid
Konstantin,Lange,54584,Jünkerath
Konstantin,Scholz,27248,Ehrenburg
Konstantin,Krämer,79189,Bad Krozingen
Konstantin,Seidel,87779,Trunkelsberg
Konstantin,Böhm,82024,Taufkirchen
Konstantin,Otto,71254,Ditzingen
Konstantin,Schubert,89278,Nersingen
Konstantin,Graf,1877,Demitz-Thumitz
Konstantin,Albrecht,82538,Geretsried
Konstantin,Heinrich,53123,Bonn
Konstantin,Simon,39615,Werben (Elbe)
Konstantin,Jäger,1594,Stauchitz
Konstantin,Lorenz,72475,Bitz
Konstantin,Schuster,54472,Monzelfeld
Konstantin,Hartmann,23714,Malente
Konstantin,Berger,98631,Grabfeld
Konstantin,Dietrich,25573,Dammfleth
Konstantin,Arnold,38559,Wagenhoff
Konstantin,Voigt,83329,Kirchanschöring
Konstantin,Kühn,10317,Berlin
Konstantin,Peters,78345,Moos
Konstantin,Wendt,84337,Schönau
Konstantin,Linke,56291,Pfalzfeld
Konstantin,Fuchs,25569,Krempermoor
Konstantin,Möller,85354,Freising
Konstantin,Paul,14778,Golzow
Konstantin,Horn,97526,Sennfeld
Lara,Müller,79427,Eschbach
Lara,Schmidt,53227,Bonn
Lara,Schneider,27211,Bassum
Lara,Fischer,54675,Kruchten
Lara,Weber,24975,Hürup
Lara,Meyer,94234,Viechtach
Lara,Wagner,17194,Peenehagen
Lara,Becker,74348,Lauffen am Neckar
Lara,Hofmann,54341,Fell
Lara,Koch,9488,Thermalbad Wiesenbad
Lara,Bauer,55776,Frauenberg
Lara,Richter,19374,Domsühl
Lara,Klein,48157,Münster
Lara,Wolf,91785,Pleinfeld
Lara,Neumann,29494,Trebel
Lara,Schwarz,13585,Berlin
Lara,Zimmermann,3130,Felixsee
Lara,Braun,39264,Gommern
Lara,Krüger,9661,Rossau
Lara,Hoffmann,84307,Eggenfelden
Lara,Schäfer,14193,Berlin
Lara,Scholz,97241,Bergtheim
Lara,Franke,22113,Hamburg
Lara,Lange,4643,Geithain
Lara,Scholz,6128,Halle (Saale)
Lara,Krämer,35325,Mücke
Lara,Seidel,31840,Hessisch Oldendorf
Lara,Böhm,83483,Bischofswiesen
Lara,Otto,19294,Karstädt
Lara,Schubert,87755,Kirchhaslach
Lara,Graf,73667,Kaisersbach
Lara,Albrecht,56589,Niederbreitbach
Lara,Heinrich,54597,Merlscheid
Lara,Simon,7929,Saalburg-Ebersdorf
Lara,Jäger,15898,Neuzelle
Lara,Lorenz,38379,Wolsdorf
Lara,Schuster,53508,Mayschoß
Lara,Hartmann,24986,Mittelangeln
Lara,Berger,57520,Dickendorf
Lara,Dietrich,99610,Sprötau
Lara,Arnold,78462,Konstanz
Lara,Voigt,7749,Jena
Lara,Kühn,49843,Getelo
Lara,Peters,27446,Sandbostel
Lara,Wendt,63128,Dietzenbach
Lara,Linke,80339,München
Lara,Fuchs,56472,Lautzenbrücken
Lara,Möller,93437,Furth im Wald
Lara,Paul,73092,Heiningen
Lara,Horn,54570,Oberstadtfeld
Maximilian,Müller,16835,Rüthnick
Maximilian,Schmidt,74930,Ittlingen
Maximilian,Schneider,55596,Schloßböckelheim
Maximilian,Fischer,74382,Neckarwestheim
Maximilian,Weber,92655,Grafenwöhr
Maximilian,Meyer,91189,Rohr
Maximilian,Wagner,67731,Otterbach
Maximilian,Becker,74196,Neuenstadt am Kocher
Maximilian,Hofmann,23795,Weede
Maximilian,Koch,38899,Oberharz am Brocken
Maximilian,Bauer,80333,München
Maximilian,Richter,37308,Reinholterode
Maximilian,Klein,33607,Bielefeld
Maximilian,Wolf,96264,Altenkunstadt
Maximilian,Neumann,66640,Namborn
Maximilian,Schwarz,66663,Merzig
Maximilian,Zimmermann,99439,Ettersburg
Maximilian,Braun,74931,Lobbach
Maximilian,Krüger,27243,Beckeln
Maximilian,Hoffmann,8606,Triebel
Maximilian,Schäfer,56244,Kuhnhöfen
Maximilian,Scholz,18299,Hohen Sprenz
Maximilian,Franke,23909,Bäk
Maximilian,Lange,76547,Sinzheim
Maximilian,Scholz,66996,Hirschthal
Maximilian,Krämer,34439,Willebadessen
Maximilian,Seidel,16515,Mühlenbecker Land
Maximilian,Böhm,89361,Landensberg
Maximilian,Otto,17391,Neetzow-Liepen
Maximilian,Schubert,92670,Windischeschenbach
Maximilian,Graf,55758,Schauren
Maximilian,Albrecht,56370,Rettert
Maximilian,Heinrich,67699,Schneckenhausen
Maximilian,Simon,91725,Ehingen
Maximilian,Jäger,49751,Spahnharrenstätte
Maximilian,Lorenz,54595,Watzerath
Maximilian,Schuster,56761,Hauroth
Maximilian,Hartmann,97421,Schweinfurt
Maximilian,Berger,37308,Volkerode
Maximilian,Dietrich,54424,Etgert
Maximilian,Arnold,1920,Panschwitz-Kuckau - Pančicy-Kukow
Maximilian,Voigt,21483,Juliusburg
Maximilian,Kühn,83346,Bergen
Maximilian,Peters,54589,Stadtkyll
Maximilian,Wendt,84091,Attenhofen
Maximilian,Linke,39291,Möser
Maximilian,Fuchs,94374,Schwarzach
Maximilian,Möller,25926,Westre
Maximilian,Paul,54472,Burgen
Maximilian,Horn,23996,Bobitz
Nele,Müller,18182,Blankenhagen
Nele,Schmidt,53534,Pomster
Nele,Schneider,10407,Berlin
Nele,Fischer,4509,Wiedemar
Nele,Weber,19294,Bresegard bei Eldena
Nele,Meyer,74838,Limbach
Nele,Wagner,4463,Großpösna
Nele,Becker,23847,Schürensöhlen
Nele,Hofmann,71364,Winnenden
Nele,Koch,76684,Östringen
Nele,Bauer,85107,Baar-Ebenhausen
Nele,Richter,19205,Roggendorf
Nele,Klein,87493,Lauben
Nele,Wolf,63834,Sulzbach am Main
Nele,Neumann,15320,Neuhardenberg
Nele,Schwarz,14822,Borkheide
Nele,Zimmermann,25588,Oldendorf
Nele,Braun,86669,Königsmoos
Nele,Krüger,39343,Ingersleben
Nele,Hoffmann,27616,Beverstedt
Nele,Schäfer,35578,Wetzlar
Nele,Scholz,96103,Hallstadt
Nele,Franke,17248,Lärz
Nele,Lange,82031,Grünwald
Nele,Scholz,73553,Kaisersbach
Nele,Krämer,84140,Gangkofen
Nele,Seidel,66509,Rieschweiler-Mühlbach
Nele,Böhm,67725,Breunigweiler
Nele,Otto,97795,Schondra
Nele,Schubert,24794,Bünsdorf
Nele,Graf,59821,Arnsberg
Nele,Albrecht,50733,Köln
Nele,Heinrich,7580,Großenstein
Nele,Simon,83646,Bad Tölz
Nele,Jäger,95469,Speichersdorf
Nele,Lorenz,56428,Dernbach (Westerwald)
Nele,Schuster,44793,Bochum
Nele,Hartmann,45772,Marl
Nele,Berger,86465,Welden
Nele,Dietrich,38170,Uehrde
Nele,Arnold,86559,Adelzhausen
Nele,Voigt,67808,Würzweiler
Nele,Kühn,23738,Beschendorf
Nele,Peters,96049,Bamberg
Nele,Wendt,21465,Reinbek
Nele,Linke,84431,Heldenstein
Nele,Fuchs,24211,Preetz
Nele,Möller,17209,Altenhof
Nele,Paul,70771,Leinfelden-Echterdingen
Nele,Horn,84378,Dietersburg
Oliver,Müller,67596,Dittelsheim-Heßloch
Oliver,Schmidt,71254,Ditzingen
Oliver,Schneider,96166,Kirchlauter
Oliver,Fischer,54636,Biersdorf am See
Oliver,Weber,9247,Chemnitz
Oliver,Meyer,88097,Eriskirch
Oliver,Wagner,45701,Herten
Oliver,Becker,30625,Hannover
Oliver,Hofmann,37269,Eschwege
Oliver,Koch,83404,Ainring
Oliver,Bauer,65396,Walluf
Oliver,Richter,67317,Altleiningen
Oliver,Klein,67354,Römerberg
Oliver,Wolf,31712,Niedernwöhren
Oliver,Neumann,65321,Heidenrod
Oliver,Schwarz,56843,Lötzbeuren
Oliver,Zimmermann,77709,Oberwolfach
Oliver,Braun,25761,Büsum
Oliver,Krüger,88048,Friedrichshafen
Oliver,Hoffmann,23847,Lasbek
Oliver,Schäfer,56132,Frücht
Oliver,Scholz,70771,Leinfelden-Echterdingen
Oliver,Franke,18510,Wittenhagen
Oliver,Lange,8309,Eibenstock
Oliver,Scholz,66538,Neunkirchen
Oliver,Krämer,71397,Leutenbach
Oliver,Seidel,19386,Gallin-Kuppentin
Oliver,Böhm,56414,Berod bei Wallmerod
Oliver,Otto,17209,Eldetal
Oliver,Schubert,84030,Landshut
Oliver,Graf,79737,Herrischried
Oliver,Albrecht,24885,Sieverstedt
Oliver,Heinrich,37318,Kirchgandern
Oliver,Simon,12279,Berlin
Oliver,Jäger,79356,Eichstetten
Oliver,Lorenz,85309,Pörnbach
Oliver,Schuster,76596,Forbach
Oliver,Hartmann,85406,Zolling
Oliver,Berger,9432,Großolbersdorf
Oliver,Dietrich,67808,Steinbach am Donnersberg
Oliver,Arnold,55595,Hargesheim
Oliver,Voigt,26427,Esens
Oliver,Kühn,25365,Klein Offenseth-Sparrieshoop
Oliver,Peters,33098,Paderborn
Oliver,Wendt,18233,Carinerland
Oliver,Linke,79312,Emmendingen
Oliver,Fuchs,41069,Mönchengladbach
Oliver,Möller,17268,Boitzenburger Land
Oliver,Paul,15890,Vogelsang
Oliver,Horn,39179,Barleben
Pia,Müller,86850,Fischach
Pia,Schmidt,25727,Krumstedt
Pia,Schneider,17111,Meesiger
Pia,Fischer,12053,Berlin
Pia,Weber,55262,Ingelheim am Rhein
Pia,Meyer,37318,Rustenfelde
Pia,Wagner,22527,Hamburg
Pia,Becker,36323,Grebenau
Pia,Hofmann,89440,Lutzingen
Pia,Koch,90459,Nürnberg
Pia,Bauer,17328,Penkun
Pia,Richter,4828,Bennewitz
Pia,Klein,49152,Bad Essen
Pia,Wolf,17391,Neetzow-Liepen
Pia,Neumann,17375,Meiersberg
Pia,Schwarz,15537,Grünheide (Mark)
Pia,Zimmermann,55246,Wiesbaden
Pia,Braun,48163,Münster
Pia,Krüger,93466,Chamerau
Pia,Hoffmann,19230,Strohkirchen
Pia,Schäfer,8239,Bergen
Pia,Scholz,35633,Lahnau
Pia,Franke,54649,Lauperath
Pia,Lange,65549,Limburg an der Lahn
Pia,Scholz,92539,Schönsee
Pia,Krämer,48317,Drensteinfurt
Pia,Seidel,86420,Diedorf
Pia,Böhm,17194,Grabowhöfe
Pia,Otto,18195,Stubbendorf
Pia,Schubert,26810,Westoverledingen
Pia,Graf,21039,Escheburg
Pia,Albrecht,18184,Thulendorf
Pia,Heinrich,15374,Müncheberg
Pia,Simon,14554,Seddiner See
Pia,Jäger,17375,Liepgarten
Pia,Lorenz,55278,Mommenheim
Pia,Schuster,91471,Illesheim
Pia,Hartmann,81925,München
Pia,Berger,54597,Lascheid
Pia,Dietrich,1257,Dresden
Pia,Arnold,67822,Kalkofen
Pia,Voigt,92526,Oberviechtach
Pia,Kühn,74252,Massenbachhausen
Pia,Peters,21647,Moisburg
Pia,Wendt,23911,Kulpin
Pia,Linke,98547,Kühndorf
Pia,Fuchs,10717,Berlin
Pia,Möller,37235,Hessisch Lichtenau
Pia,Paul,54649,Pintesfeld
Pia,Horn,25832,Kotzenbüll
Raphael,Müller,31637,Rodewald
Raphael,Schmidt,87736,Böhen
Raphael,Schneider,1454,Wachau
Raphael,Fischer,24214,Tüttendorf
Raphael,Weber,54314,Zerf
Raphael,Meyer,92278,Illschwang
Raphael,Wagner,55437,Ockenheim
Raphael,Becker,92260,Ammerthal
Raphael,Hofmann,55278,Eimsheim
Raphael,Koch,19399,Dobbertin
Raphael,Bauer,88263,Horgenzell
Raphael,Richter,87734,Benningen
Raphael,Klein,85137,Walting
Raphael,Wolf,72661,Grafenberg
Raphael,Neumann,67150,Niederkirchen bei Deidesheim
Raphael,Schwarz,87767,Niederrieden
Raphael,Zimmermann,29693,Hodenhagen
Raphael,Braun,4565,Regis-Breitingen
Raphael,Krüger,39291,Möser
Raphael,Hoffmann,22115,Hamburg
Raphael,Schäfer,17039,Blankenhof
Raphael,Scholz,19217,Wedendorfersee
Raphael,Franke,74933,Neidenstein
Raphael,Lange,49565,Bramsche
Raphael,Scholz,91166,Georgensgmünd
Raphael,Krämer,96193,Wachenroth
Raphael,Seidel,84094,Elsendorf
Raphael,Böhm,10249,Berlin
Raphael,Otto,87459,Pfronten
Raphael,Schubert,19061,Schwerin
Raphael,Graf,44267,Dortmund
Raphael,Albrecht,82497,Unterammergau
Raphael,Heinrich,34289,Zierenberg
Raphael,Simon,80802,München
Raphael,Jäger,53534,Wiesemscheid
Raphael,Lorenz,40233,Düsseldorf
Raphael,Schuster,15295,Wiesenau
Raphael,Hartmann,56281,Emmelshausen
Raphael,Berger,54516,Flußbach
Raphael,Dietrich,97256,Geroldshausen
Raphael,Arnold,24897,Ulsnis
Raphael,Voigt,83257,Gstadt am Chiemsee
Raphael,Kühn,18573,Rambin
Raphael,Peters,54570,Deudesfeld
Raphael,Wendt,56767,Ueß
Raphael,Linke,98663,Heldburg
Raphael,Fuchs,23845,Wakendorf I
Raphael,Möller,13359,Berlin
Raphael,Paul,88175,Scheidegg
Raphael,Horn,72666,Neckartailfingen
Sara,Müller,47055,Duisburg
Sara,Schmidt,72505,Krauchenwies
Sara,Schneider,91282,Betzenstein
Sara,Fischer,56317,Linkenbach
Sara,Weber,72827,Wannweil
Sara,Meyer,93309,Kelheim
Sara,Wagner,82064,Oberhaching
Sara,Becker,97537,Wipfeld
Sara,Hofmann,96247,Michelau i.OFr.
Sara,Koch,7429,Döschnitz
Sara,Bauer,85414,Kirchdorf an der Amper
Sara,Richter,21423,Drage
Sara,Klein,54314,Hentern
Sara,Wolf,24986,Mittelangeln
Sara,Neumann,69120,Heidelberg
Sara,Schwarz,14482,Potsdam
Sara,Zimmermann,48361,Beelen
Sara,Braun,55546,Volxheim
Sara,Krüger,38259,Salzgitter
Sara,Hoffmann,45309,Essen
Sara,Schäfer,56427,Siershahn
Sara,Scholz,54317,Farschweiler
Sara,Franke,13086,Berlin
Sara,Lange,12489,Berlin
Sara,Scholz,55413,Manubach
Sara,Krämer,71334,Waiblingen
Sara,Seidel,97508,Grettstadt
Sara,Böhm,92676,Eschenbach i.d.OPf.
Sara,Otto,54424,Lückenburg
Sara,Schubert,70329,Stuttgart
Sara,Graf,56294,Münstermaifeld
Sara,Albrecht,14129,Berlin
Sara,Heinrich,14621,Schönwalde-Glien
Sara,Simon,98744,Meura
Sara,Jäger,52134,Herzogenrath
Sara,Lorenz,66851,Linden
Sara,Schuster,72138,Kirchentellinsfurt
Sara,Hartmann,59597,Erwitte
Sara,Berger,25377,Kollmar
Sara,Dietrich,24247,Rodenbek
Sara,Arnold,56307,Dürrholz
Sara,Voigt,86637,Binswangen
Sara,Kühn,56754,Roes
Sara,Peters,91567,Herrieden
Sara,Wendt,78054,Villingen-Schwenningen
Sara,Linke,21436,Marschacht
Sara,Fuchs,77791,Berghaupten
Sara,Möller,24321,Lütjenburg
Sara,Paul,37318,Lenterode
Sara,Horn,1896,Ohorn
Tobias,Müller,57635,Rettersen
Tobias,Schmidt,41470,Neuss
Tobias,Schneider,14197,Berlin
Tobias,Fischer,66119,Saarbrücken
Tobias,Weber,99428,Grammetal
Tobias,Meyer,26123,Oldenburg
Tobias,Wagner,39326,Angern
Tobias,Becker,82490,Farchant
Tobias,Hofmann,54636,Röhl
Tobias,Koch,36151,Burghaun
Tobias,Bauer,82386,Oberhausen
Tobias,Richter,53894,Mechernich
Tobias,Klein,4639,Ponitz
Tobias,Wolf,33689,Bielefeld
Tobias,Neumann,54518,Rivenich
Tobias,Schwarz,87660,Irsee
Tobias,Zimmermann,82389,Böbing
Tobias,Braun,56858,Liesenich
Tobias,Krüger,8289,Schneeberg
Tobias,Hoffmann,54608,Winterscheid
Tobias,Schäfer,34326,Morschen
Tobias,Scholz,26969,Butjadingen
Tobias,Franke,29584,Himbergen
Tobias,Lange,36166,Haunetal
Tobias,Scholz,55608,Hausen
Tobias,Krämer,82481,Mittenwald
Tobias,Seidel,56745,Rieden
Tobias,Böhm,67749,Offenbach-Hundheim
Tobias,Otto,9619,Mulda/Sachsen
Tobias,Schubert,99713,Helbedündorf
Tobias,Graf,54675,Biesdorf
Tobias,Albrecht,61137,Schöneck
Tobias,Heinrich,39615,Zehrental
Tobias,Simon,24594,Grauel
Tobias,Jäger,18258,Bröbberow
Tobias,Lorenz,18375,Prerow
Tobias,Schuster,4539,Groitzsch
Tobias,Hartmann,24941,Flensburg
Tobias,Berger,64711,Erbach
Tobias,Dietrich,7389,Wilhelmsdorf
Tobias,Arnold,49536,Lienen
Tobias,Voigt,85414,Kirchdorf an der Amper
Tobias,Kühn,56593,Obersteinebach
Tobias,Peters,88273,Fronreute
Tobias,Wendt,49525,Lengerich
Tobias,Linke,83365,Nußdorf
Tobias,Fuchs,96479,Weitramsdorf
Tobias,Möller,68642,Bürstadt
Tobias,Paul,39307,Jerichow
Tobias,Horn,26465,Langeoog
Ulrike,Müller,35315,Homberg (Ohm)
Ulrike,Schmidt,58566,Kierspe
Ulrike,Schneider,24105,Kiel
Ulrike,Fischer,84089,Aiglsbach
Ulrike,Weber,22299,Hamburg
Ulrike,Meyer,56357,Niederbachheim
Ulrike,Wagner,57614,Wahlrod
Ulrike,Becker,92637,Theisseil
Ulrike,Hofmann,23968,Barnekow
Ulrike,Koch,67744,Hoppstädten
Ulrike,Bauer,7751,Zöllnitz
Ulrike,Richter,58515,Lüdenscheid
Ulrike,Klein,57632,Giershausen
Ulrike,Wolf,93354,Siegenburg
Ulrike,Neumann,94160,Ringelai
Ulrike,Schwarz,68753,Waghäusel
Ulrike,Zimmermann,74906,Bad Rappenau
Ulrike,Braun,55471,Tiefenbach
Ulrike,Krüger,54597,Lascheid
Ulrike,Hoffmann,74740,Adelsheim
Ulrike,Schäfer,4617,Gerstenberg
Ulrike,Scholz,32657,Lemgo
Ulrike,Franke,36115,Hilders
Ulrike,Lange,86660,Tapfheim
Ulrike,Scholz,54617,Lützkampen
Ulrike,Krämer,66640,Namborn
Ulrike,Seidel,26529,Wirdum
Ulrike,Böhm,7646,Schöngleina
Ulrike,Otto,21769,Hollnseth
Ulrike,Schubert,39624,Kalbe (Milde)
Ulrike,Graf,47661,Issum
Ulrike,Albrecht,67808,Falkenstein
Ulrike,Heinrich,25876,Schwabstedt
Ulrike,Simon,7768,Hummelshain
Ulrike,Jäger,7907,Löhma
Ulrike,Lorenz,81247,München
Ulrike,Schuster,17440,Sauzin
Ulrike,Hartmann,14532,Stahnsdorf
Ulrike,Berger,14728,Gollenberg
Ulrike,Dietrich,55606,Heimweiler
Ulrike,Arnold,66919,Hettenhausen
Ulrike,Voigt,39365,Sommersdorf
Ulrike,Kühn,56826,Wollmerath
Ulrike,Peters,24594,Grauel
Ulrike,Wendt,67827,Becherbach
Ulrike,Linke,55595,Sommerloch
Ulrike,Fuchs,65428,Rüsselsheim am Main
Ulrike,Möller,74252,Massenbachhausen
Ulrike,Paul,49448,Quernheim
Ulrike,Horn,6268,Mücheln (Geiseltal)
Viktoria,Müller,67280,Ebertsheim
Viktoria,Schmidt,54424,Lückenburg
Viktoria,Schneider,24977,Langballig
Viktoria,Fischer,88348,Allmannsweiler
Viktoria,Weber,56479,Niederroßbach
Viktoria,Meyer,9125,Chemnitz
Viktoria,Wagner,98663,Westhausen
Viktoria,Becker,22145,Braak
Viktoria,Hofmann,25572,Büttel
Viktoria,Koch,54675,Gentingen
Viktoria,Bauer,56291,Utzenhain
Viktoria,Richter,4509,Wiedemar
Viktoria,Klein,70173,Stuttgart
Viktoria,Wolf,88709,Meersburg
Viktoria,Neumann,65396,Walluf
Viktoria,Schwarz,27333,Warpe
Viktoria,Zimmermann,86650,Wemding
Viktoria,Braun,16945,Halenbeck-Rohlsdorf
Viktoria,Krüger,24992,Jörl
Viktoria,Hoffmann,25358,Sommerland
Viktoria,Schäfer,17379,Heinrichswalde
Viktoria,Scholz,56727,Sankt Johann
Viktoria,Franke,76661,Philippsburg
Viktoria,Lange,25594,Nutteln
Viktoria,Scholz,52525,Heinsberg
Viktoria,Krämer,54584,Jünkerath
Viktoria,Seidel,7819,Dreitzsch
Viktoria,Böhm,97616,Bad Neustadt an der Saale
Viktoria,Otto,6231,Bad Dürrenberg
Viktoria,Schubert,17391,Spantekow
Viktoria,Graf,17391,Stolpe an der Peene
Viktoria,Albrecht,55767,Gimbweiler
Viktoria,Heinrich,95185,Gattendorf
Viktoria,Simon,67468,Neidenfels
Viktoria,Jäger,55452,Guldental
Viktoria,Lorenz,19300,Zierzow
Viktoria,Schuster,54597,Seiwerath
Viktoria,Hartmann,41189,Mönchengladbach
Viktoria,Berger,67466,Lambrecht
Viktoria,Dietrich,24894,Twedt
Viktoria,Arnold,21371,Tosterglope
Viktoria,Voigt,83098,Brannenburg
Viktoria,Kühn,24977,Grundhof
Viktoria,Peters,18569,Schaprode
Viktoria,Wendt,26676,Barßel
Viktoria,Linke,67822,Waldgrehweiler
Viktoria,Fuchs,4703,Leisnig
Viktoria,Möller,37073,Göttingen
Viktoria,Paul,29358,Eicklingen
Viktoria,Horn,76891,Rumbach
Werner,Müller,32469,Petershagen
Werner,Schmidt,56290,Mörsdorf
Werner,Schneider,64756,Mossautal
Werner,Fischer,92280,Kastl
Werner,Weber,72124,Pliezhausen
Werner,Meyer,85309,Pörnbach
Werner,Wagner,54331,Pellingen
Werner,Becker,23911,Salem
Werner,Hofmann,12165,Berlin
Werner,Koch,75228,Ispringen
Werner,Bauer,24358,Ascheffel
Werner,Richter,54472,Hochscheid
Werner,Klein,76865,Insheim
Werner,Wolf,24837,Schleswig
Werner,Neumann,38373,Frellstedt
Werner,Schwarz,24568,Winsen
Werner,Zimmermann,38176,Wendeburg
Werner,Braun,92366,Hohenfels
Werner,Krüger,31609,Balge
Werner,Hoffmann,97255,Gelchsheim
Werner,Schäfer,6126,Halle (Saale)
Werner,Scholz,37339,Wehnde
Werner,Franke,54347,Neumagen-Dhron
Werner,Lange,29693,Eickeloh
Werner,Scholz,42113,Wuppertal
Werner,Krämer,94094,Malching
Werner,Seidel,57612,Isert
Werner,Böhm,39120,Magdeburg
Werner,Otto,38644,Goslar
Werner,Schubert,86679,Ellgau
Werner,Graf,54649,Lauperath
Werner,Albrecht,79771,Klettgau
Werner,Heinrich,17419,Korswandt
Werner,Simon,22929,Köthel
Werner,Jäger,17440,Buggenhagen
Werner,Lorenz,97072,Würzburg
Werner,Schuster,18246,Rühn
Werner,Hartmann,31188,Holle
Werner,Berger,35288,Wohratal
Werner,Dietrich,82266,Inning am Ammersee
Werner,Arnold,66484,Großsteinhausen
Werner,Voigt,25591,Ottenbüttel
Werner,Kühn,54570,Pelm
Werner,Peters,24626,Groß Kummerfeld
Werner,Wendt,82057,Icking
Werner,Linke,56593,Bürdenbach
Werner,Fuchs,91740,Röckingen
Werner,Möller,96231,Bad Staffelstein
Werner,Paul,99713,Bellstedt
Werner,Horn,84149,Velden
Xavier,Müller,67823,Lettweiler
Xavier,Schmidt,56288,Roth
Xavier,Schneider,49176,Hilter
Xavier,Fischer,35781,Weilburg
Xavier,Weber,71126,Gäufelden
Xavier,Meyer,25335,Neuendorf bei Elmshorn
Xavier,Wagner,82024,Taufkirchen
Xavier,Becker,77866,Rheinau
Xavier,Hofmann,24620,Bönebüttel
Xavier,Koch,4821,Brandis
Xavier,Bauer,63303,Dreieich
Xavier,Richter,87746,Erkheim
Xavier,Klein,74747,Ravenstein
Xavier,Wolf,81373,München
Xavier,Neumann,86697,Oberhausen
Xavier,Schwarz,63801,Kleinostheim
Xavier,Zimmermann,90587,Veitsbronn
Xavier,Braun,3249,Sonnewalde
Xavier,Krüger,84478,Waldkraiburg
Xavier,Hoffmann,12357,Berlin
Xavier,Schäfer,82024,Taufkirchen
Xavier,Scholz,55566,Rehbach
Xavier,Franke,48691,Vreden
Xavier,Lange,31319,Sehnde
Xavier,Scholz,64569,Nauheim
Xavier,Krämer,66507,Reifenberg
Xavier,Seidel,98530,Dillstädt
Xavier,Böhm,21397,Barendorf
Xavier,Otto,78549,Spaichingen
Xavier,Schubert,91346,Wiesenttal
Xavier,Graf,66504,Bottenbach
Xavier,Albrecht,55496,Argenthal
Xavier,Heinrich,95683,Ebnath
Xavier,Simon,7924,Ziegenrück
Xavier,Jäger,56825,Gillenbeuren
Xavier,Lorenz,67744,Kirrweiler
Xavier,Schuster,37627,Heinade
Xavier,Hartmann,49843,Halle
Xavier,Berger,9661,Rossau
Xavier,Dietrich,57629,Limbach
Xavier,Arnold,66501,Kleinbundenbach
Xavier,Voigt,9366,Niederdorf
Xavier,Kühn,65197,Wiesbaden
Xavier,Peters,6268,Nemsdorf-Göhrendorf
Xavier,Wendt,26219,Bösel
Xavier,Linke,86502,Laugna
Xavier,Fuchs,72537,Mehrstetten
Xavier,Möller,18334,Lindholz
Xavier,Paul,25840,Koldenbüttel
Xavier,Horn,36457,Weilar
Yasmin,Müller,99102,Klettbach
Yasmin,Schmidt,52078,Aachen
Yasmin,Schneider,4509,Schönwölkau
Yasmin,Fischer,56767,Kötterichen
Yasmin,Weber,24872,Groß Rheide
Yasmin,Meyer,24977,Langballig
Yasmin,Wagner,8228,Rodewisch
Yasmin,Becker,2997,Wittichenau - Kulow
Yasmin,Hofmann,2708,Schönbach
Yasmin,Koch,94362,Neukirchen
Yasmin,Bauer,99634,Schwerstedt
Yasmin,Richter,99826,Lauterbach
Yasmin,Klein,85309,Pörnbach
Yasmin,Wolf,22147,Hamburg
Yasmin,Neumann,54472,Gornhausen
Yasmin,Schwarz,23829,Wittenborn
Yasmin,Zimmermann,25821,Struckum
Yasmin,Braun,91738,Pfofeld
Yasmin,Krüger,19205,Roggendorf
Yasmin,Hoffmann,17309,Pasewalk
Yasmin,Schäfer,19374,Mestlin
Yasmin,Scholz,83483,Bischofswiesen
Yasmin,Franke,38304,Wolfenbüttel
Yasmin,Lange,94542,Haarbach
Yasmin,Scholz,23974,Hornstorf
Yasmin,Krämer,1945,Kroppen
Yasmin,Seidel,28309,Bremen
Yasmin,Böhm,24641,Stuvenborn
Yasmin,Otto,4874,Belgern-Schildau
Yasmin,Schubert,20097,Hamburg
Yasmin,Graf,21395,Tespe
Yasmin,Albrecht,91352,Hallerndorf
Yasmin,Heinrich,86529,Schrobenhausen
Yasmin,Simon,1993,Schipkau
Yasmin,Jäger,4668,Parthenstein
Yasmin,Lorenz,18299,Hohen Sprenz
Yasmin,Schuster,55606,Heimweiler
Yasmin,Hartmann,19205,Roggendorf
Yasmin,Berger,27386,Westerwalsede
Yasmin,Dietrich,87739,Breitenbrunn
Yasmin,Arnold,87452,Altusried
Yasmin,Voigt,25917,Leck
Yasmin,Kühn,7580,Hilbersdorf
Yasmin,Peters,57587,Birken-Honigsessen
Yasmin,Wendt,75180,Pforzheim
Yasmin,Linke,22929,Köthel
Yasmin,Fuchs,75053,Gondelsheim
Yasmin,Möller,9117,Chemnitz
Yasmin,Paul,69126,Heidelberg
Yasmin,Horn,56370,Wasenbach
Zacharias,Müller,2999,Lohsa - Łaz
Zacharias,Schmidt,14913,Niedergörsdorf
Zacharias,Schneider,41540,Dormagen
Zacharias,Fischer,84169,Altfraunhofen
Zacharias,Weber,7819,Schmieritz
Zacharias,Meyer,31707,Bad Eilsen
Zacharias,Wagner,17166,Groß Wokern
Zacharias,Becker,78262,Gailingen am Hochrhein
Zacharias,Hofmann,9496,Marienberg
Zacharias,Koch,97421,Schweinfurt
Zacharias,Bauer,17321,Plöwen
Zacharias,Richter,55624,Bollenbach
Zacharias,Klein,97633,Großbardorf
Zacharias,Wolf,37194,Bodenfelde
Zacharias,Neumann,92274,Gebenbach
Zacharias,Schwarz,25704,Wolmersdorf
Zacharias,Zimmermann,37345,Am Ohmberg
Zacharias,Braun,19336,Legde/Quitzöbel
Zacharias,Krüger,23883,Grambek
Zacharias,Hoffmann,85521,Ottobrunn
Zacharias,Schäfer,79736,Rickenbach
Zacharias,Scholz,55118,Mainz
Zacharias,Franke,17321,Bergholz
Zacharias,Lange,24253,Prasdorf
Zacharias,Scholz,91802,Meinheim
Zacharias,Krämer,24229,Schwedeneck
Zacharias,Seidel,56761,Düngenheim
Zacharias,Böhm,69251,Gaiberg
Zacharias,Otto,14547,Beelitz
Zacharias,Schubert,57234,Wilnsdorf
Zacharias,Graf,38104,Braunschweig
Zacharias,Albrecht,99610,Wundersleben
Zacharias,Heinrich,24143,Kiel
Zacharias,Simon,70376,Stuttgart
Zacharias,Jäger,38387,Söllingen
Zacharias,Lorenz,36433,Bad Salzungen
Zacharias,Schuster,24960,Munkbrarup
Zacharias,Hartmann,16225,Eberswalde
Zacharias,Berger,4838,Jesewitz
Zacharias,Dietrich,85129,Oberdolling
Zacharias,Arnold,24399,Grödersby
Zacharias,Voigt,75245,Neulingen
Zacharias,Kühn,96346,Wallenfels
Zacharias,Peters,91619,Obernzenn
Zacharias,Wendt,23714,Kirchnüchel
Zacharias,Linke,53508,Mayschoß
Zacharias,Fuchs,25799,Wrohm
Zacharias,Möller,73312,Deggingen
Zacharias,Paul,65343,Eltville am Rhein
Zacharias,Horn,98587,Steinbach-Hallenberg
